Time,hash_rate_via_BTC
2009-01-10,1.0652200634920637e-07
2009-01-14,2.521020816931218e-06
2009-01-18,5.58885459978836e-06
2009-01-22,5.681173671957674e-06
2009-01-26,6.270595440423281e-06
2009-01-30,6.419726249312168e-06
2009-02-03,5.8303044808465595e-06
2009-02-07,6.256392506243385e-06
2009-02-11,6.306102775873014e-06
2009-02-15,6.4126247822222205e-06
2009-02-19,6.178276368253967e-06
2009-02-23,5.972333822645502e-06
2009-02-27,5.539144330158728e-06
2009-03-03,5.318998850370366e-06
2009-03-07,5.31189738328042e-06
2009-03-11,5.475231126349206e-06
2009-03-15,5.581753132698413e-06
2009-03-19,5.7805942112169315e-06
2009-03-23,5.446825257989416e-06
2009-03-27,5.368709119999998e-06
2009-03-31,5.681173671957671e-06
2009-04-04,5.745086875767196e-06
2009-04-08,5.652767803597883e-06
2009-04-12,5.475231126349203e-06
2009-04-16,5.631463402328041e-06
2009-04-20,5.9155220859259255e-06
2009-04-24,5.65986927068783e-06
2009-04-28,5.489434060529098e-06
2009-05-02,5.901319151746028e-06
2009-05-06,6.1711749011640176e-06
2009-05-10,5.958130888465606e-06
2009-05-14,5.375810587089946e-06
2009-05-18,6.22088517079365e-06
2009-05-22,5.6740722048677226e-06
2009-05-26,4.1969670501587275e-06
2009-05-30,4.7082726806349176e-06
2009-06-03,5.098853370582007e-06
2009-06-07,3.5365306107936477e-06
2009-06-11,2.6488472245502603e-06
2009-06-15,4.097546510899466e-06
2009-06-19,3.891603965291e-06
2009-06-23,3.955517169100525e-06
2009-06-27,3.998125971640207e-06
2009-07-01,3.884502498201055e-06
2009-07-05,3.841893695661372e-06
2009-07-09,3.955517169100526e-06
2009-07-13,3.948415702010579e-06
2009-07-17,3.586240880423275e-06
2009-07-21,2.712760428359783e-06
2009-07-25,2.94000737523809e-06
2009-07-29,2.726963362539678e-06
2009-08-02,1.4344963521693078e-06
2009-08-06,1.725656502857139e-06
2009-08-10,3.6501540842327982e-06
2009-08-14,3.9200098336507866e-06
2009-08-18,2.535223751111106e-06
2009-08-22,9.94205392592588e-07
2009-08-26,9.800024584126937e-07
2009-08-30,2.0878313244444397e-06
2009-09-03,3.6075452816931178e-06
2009-09-07,3.6004438146031685e-06
2009-09-11,3.330588065185181e-06
2009-09-15,3.3731968677248628e-06
2009-09-19,3.55073354497354e-06
2009-09-23,3.4087042031745982e-06
2009-09-27,3.479718874074068e-06
2009-10-01,4.424213997037033e-06
2009-10-05,3.813487827301583e-06
2009-10-09,2.9400073752380908e-06
2009-10-13,3.2524719271957626e-06
2009-10-17,3.3731968677248645e-06
2009-10-21,3.7992848931216898e-06
2009-10-25,4.296387589417985e-06
2009-10-29,3.664357018412695e-06
2009-11-02,2.7056589612698375e-06
2009-11-06,2.4997164156613717e-06
2009-11-10,3.1459499208465565e-06
2009-11-14,3.4868203411640137e-06
2009-11-18,4.111749445079357e-06
2009-11-22,4.246677319788354e-06
2009-11-26,4.367402260317453e-06
2009-11-30,4.062039175449729e-06
2009-12-04,3.7921834260317393e-06
2009-12-08,3.898705432380946e-06
2009-12-12,4.914215226243378e-06
2009-12-16,5.333201784550256e-06
2009-12-20,7.328714036825387e-06
2009-12-24,9.0046602700529e-06
2009-12-28,8.074368081269836e-06
2010-01-01,8.159353166561084e-06
2010-01-05,8.792133081933148e-06
2010-01-09,9.727573007590926e-06
2010-01-13,9.602773288211253e-06
2010-01-17,9.86753867413524e-06
2010-01-21,8.71178443116339e-06
2010-01-25,9.388337902945232e-06
2010-01-29,1.1340670567432433e-05
2010-02-02,1.250521990275436e-05
2010-02-06,1.4437982669527958e-05
2010-02-10,1.8253511800987963e-05
2010-02-14,1.7758225000473506e-05
2010-02-18,2.089426746828766e-05
2010-02-22,2.5777133035741305e-05
2010-02-26,2.919862733223875e-05
2010-03-02,3.2136238786405124e-05
2010-03-06,3.281304626383943e-05
2010-03-10,3.225786426891313e-05
2010-03-14,3.215699754351375e-05
2010-03-18,2.992491497488779e-05
2010-03-22,3.365748501476627e-05
2010-03-26,4.036906605316363e-05
2010-03-30,4.27935475017676e-05
2010-04-03,4.626985768574903e-05
2010-04-07,4.906230400788289e-05
2010-04-11,5.54026735154342e-05
2010-04-15,6.909629973343362e-05
2010-04-19,8.135442541261119e-05
2010-04-23,8.771246358593417e-05
2010-04-27,8.984578932482146e-05
2010-05-01,9.305558638205024e-05
2010-05-05,9.164743883699296e-05
2010-05-09,9.12875664499574e-05
2010-05-13,8.622940843783983e-05
2010-05-17,7.527964228700304e-05
2010-05-21,8.80284334807102e-05
2010-05-25,0.0001112930602828
2010-05-29,0.0001209726118583
2010-06-02,0.00012736918443
2010-06-06,0.0001177838011399
2010-06-10,0.0001246289519075
2010-06-14,0.0001324974426128
2010-06-18,0.000135361619155
2010-06-22,0.0001391101925277
2010-06-26,0.0001474888448777
2010-06-30,0.0001561536973709
2010-07-04,0.0001722531531414
2010-07-08,0.0001839630601014
2010-07-12,0.0001979892782975
2010-07-16,0.0008051616205265
2010-07-20,0.002075005536812
2010-07-24,0.0016592308952327
2010-07-28,0.0019047134581419
2010-08-01,0.0021424543545585
2010-08-05,0.002561519990246
2010-08-09,0.0028924219591447
2010-08-13,0.0033161419996685
2010-08-17,0.0042219926631511
2010-08-21,0.0041489626631502
2010-08-25,0.0045247569242313
2010-08-29,0.0054182915408394
2010-09-02,0.0052493097350025
2010-09-06,0.0050998602007426
2010-09-10,0.0051684818920001
2010-09-14,0.0056449366806124
2010-09-18,0.0065711618690904
2010-09-22,0.0081046920966608
2010-09-26,0.0093271790138005
2010-09-30,0.0102025407149498
2010-10-04,0.0095517492832063
2010-10-08,0.0092521180601006
2010-10-12,0.0102353897162854
2010-10-16,0.0114975323562967
2010-10-20,0.0153738400326244
2010-10-24,0.01852801840517
2010-10-28,0.021564086472219
2010-11-01,0.0246596431538504
2010-11-05,0.027668030688423
2010-11-09,0.0327142429892717
2010-11-13,0.042542166929811
2010-11-17,0.0468724855109561
2010-11-21,0.0508466063645053
2010-11-25,0.0526048581982559
2010-11-29,0.0581767103354586
2010-12-03,0.0705293837477676
2010-12-07,0.0842721784846025
2010-12-11,0.0939959662565747
2010-12-15,0.0981563625389237
2010-12-19,0.103103500104942
2010-12-23,0.1082182727188701
2010-12-27,0.1091472433916311
2010-12-31,0.1153047174160693
2011-01-04,0.1242168393385297
2011-01-08,0.1233309912337431
2011-01-12,0.1290085670121621
2011-01-16,0.139137963285804
2011-01-20,0.1529996845708624
2011-01-24,0.1552881092924001
2011-01-28,0.1615757330993032
2011-02-01,0.1689819467215002
2011-02-05,0.1788303106797395
2011-02-09,0.1982361860102663
2011-02-13,0.2303343538946883
2011-02-17,0.2590261934781887
2011-02-21,0.310610302619111
2011-02-25,0.3715483159908149
2011-03-01,0.4685931451535433
2011-03-05,0.5067330128758327
2011-03-09,0.597677440155298
2011-03-13,0.5726000381572202
2011-03-17,0.4707390595501138
2011-03-21,0.4669515038985613
2011-03-25,0.5156486479899524
2011-03-29,0.5420131393728452
2011-04-02,0.5603809268072919
2011-04-06,0.6225910471783813
2011-04-10,0.6291453907593378
2011-04-14,0.6824322869074056
2011-04-18,0.6812627371440682
2011-04-22,0.678108790258199
2011-04-26,0.7469600475217185
2011-04-30,0.8263122562575635
2011-05-04,0.9579228944903948
2011-05-08,1.100471024207542
2011-05-12,1.2901019680834165
2011-05-16,1.5666916153910992
2011-05-20,1.9280031818972447
2011-05-24,2.598869617733605
2011-05-28,3.4701116355334487
2011-06-01,3.6176413542594257
2011-06-05,3.90047872908568
2011-06-09,4.94823695859516
2011-06-13,6.082953308363065
2011-06-17,7.705129377365814
2011-06-21,9.102005460594055
2011-06-25,11.019536832228631
2011-06-29,11.576946991870845
2011-07-03,11.567054890406988
2011-07-07,11.429934849369149
2011-07-11,11.106488198983916
2011-07-15,11.976675433217062
2011-07-19,12.465066275720805
2011-07-23,12.45482359540666
2011-07-27,13.064530896921976
2011-07-31,13.953111123367032
2011-08-04,14.232809239908477
2011-08-08,13.480222411134246
2011-08-12,12.796151423106526
2011-08-16,12.943696146014489
2011-08-20,12.506918632592145
2011-08-24,13.566866316145443
2011-08-28,13.27193443970749
2011-09-01,12.254607779022535
2011-09-05,12.528838357420463
2011-09-09,12.700555819144848
2011-09-13,12.283937188894544
2011-09-17,12.216325946712958
2011-09-21,12.179374952927116
2011-09-25,12.266637618915317
2011-09-29,11.91758695496246
2011-10-03,11.347533030673414
2011-10-07,11.037012463908727
2011-10-11,10.773083904989178
2011-10-15,9.82534044341441
2011-10-19,9.369762288651303
2011-10-23,8.653863451656225
2011-10-27,8.361925889431673
2011-10-31,8.288941498875534
2011-11-04,8.367635778166152
2011-11-08,8.512159883134881
2011-11-12,8.546345264191645
2011-11-16,8.763626505807338
2011-11-20,8.439707497531762
2011-11-24,7.909563614308019
2011-11-28,7.4861394379532
2011-12-02,7.932839134788684
2011-12-06,8.419331418725472
2011-12-10,8.194931033742987
2011-12-14,7.9362833840583695
2011-12-18,7.623887973314068
2011-12-22,8.046619848660997
2011-12-26,8.505957984772126
2011-12-30,8.866057348138012
2012-01-03,8.558451996094558
2012-01-07,9.019735260561635
2012-01-11,9.423684517271226
2012-01-15,9.400122750309508
2012-01-19,9.37961895864113
2012-01-23,9.298980483817203
2012-01-27,9.51143765959493
2012-01-31,9.686121881783322
2012-02-04,10.215468906962275
2012-02-08,10.043684624480733
2012-02-12,9.679950634686362
2012-02-16,9.934686177704434
2012-02-20,10.068121837115791
2012-02-24,10.494780658121597
2012-02-28,10.506797655805778
2012-03-03,10.884667520298612
2012-03-07,10.380180397562624
2012-03-11,11.204804415183506
2012-03-15,11.555618974672168
2012-03-19,11.262359104582533
2012-03-23,11.650896478911182
2012-03-27,11.565775774042418
2012-03-31,11.82900503977281
2012-04-04,11.590909036432338
2012-04-08,10.62684273628064
2012-04-12,11.054226628935412
2012-04-16,10.85504496935859
2012-04-20,10.40991014037546
2012-04-24,11.418405202413991
2012-04-28,11.03741817897722
2012-05-02,11.861743226742549
2012-05-06,12.266613895083912
2012-05-10,12.79604295144197
2012-05-14,12.440433651038498
2012-05-18,11.028251243200405
2012-05-22,11.385192410670076
2012-05-26,11.071174794464062
2012-05-30,10.935916830795732
2012-06-03,11.423255110468626
2012-06-07,12.055997233303684
2012-06-11,12.037097903264025
2012-06-15,12.229316411827556
2012-06-19,12.221016409317544
2012-06-23,12.334991206213417
2012-06-27,12.285677909913115
2012-07-01,12.506378710690004
2012-07-05,12.534480552513616
2012-07-09,13.36640779497429
2012-07-13,13.445366378383488
2012-07-17,13.010039992404378
2012-07-21,13.632312969008792
2012-07-25,13.691502271615333
2012-07-29,14.844610400976933
2012-08-02,15.399649853477944
2012-08-06,15.634884278863916
2012-08-10,15.72166439512033
2012-08-14,16.58047491994676
2012-08-18,17.112329271753
2012-08-22,17.798766797434983
2012-08-26,17.797756612825186
2012-08-30,18.374648902671417
2012-09-03,18.75337888974597
2012-09-07,19.97203443937233
2012-09-11,20.547995927547824
2012-09-15,19.954355670345272
2012-09-19,20.7387550782879
2012-09-23,21.9714436561213
2012-09-27,21.94642792222307
2012-10-01,21.865069523994265
2012-10-05,21.5211280844035
2012-10-09,21.26974887681514
2012-10-13,22.299722286603043
2012-10-17,22.364799297167057
2012-10-21,22.63454363415556
2012-10-25,23.3234330948822
2012-10-29,24.108880794990466
2012-11-02,24.456806621414565
2012-11-06,24.028956854555865
2012-11-10,24.77986175626072
2012-11-14,24.36685165084413
2012-11-18,23.16903827558985
2012-11-22,24.23419043895829
2012-11-26,24.664807840637703
2012-11-30,26.469326393822847
2012-12-04,26.277317515142233
2012-12-08,23.420025554852614
2012-12-12,22.86083034641303
2012-12-16,21.768397880340085
2012-12-20,20.774048096928446
2012-12-24,21.683511032047445
2012-12-28,22.48151481376916
2013-01-01,23.296847089742045
2013-01-05,22.91605405932753
2013-01-09,22.684235106415855
2013-01-13,21.861217637373823
2013-01-17,21.045831321425055
2013-01-21,21.345826724033067
2013-01-25,22.01504723754331
2013-01-29,21.879080394275498
2013-02-02,23.19092634999567
2013-02-06,24.872657597110777
2013-02-10,24.913767390425225
2013-02-14,24.632979599764067
2013-02-18,27.30794905582909
2013-02-22,30.88808742659257
2013-02-26,31.579742429385167
2013-03-02,32.12481165972719
2013-03-06,34.04628678696904
2013-03-10,34.33728873395628
2013-03-14,34.46136204464808
2013-03-18,39.47464260233846
2013-03-22,45.957917963282966
2013-03-26,52.65649086106915
2013-03-30,54.58932463587121
2013-04-03,57.2028785529896
2013-04-07,59.22531030867792
2013-04-11,61.82513902987877
2013-04-15,64.29767656877043
2013-04-19,66.69336865081573
2013-04-23,69.62349388943935
2013-04-27,73.03534530472405
2013-05-01,75.22107936937616
2013-05-05,74.77227218689443
2013-05-09,78.78366499259288
2013-05-13,85.00907721271605
2013-05-17,86.38639768239332
2013-05-21,82.54433237547475
2013-05-25,85.56327812164227
2013-05-29,96.41586953953076
2013-06-02,104.94937679766151
2013-06-06,123.88331782075822
2013-06-10,133.24350425534809
2013-06-14,137.9744941954237
2013-06-18,143.4983814914287
2013-06-22,142.40751493314943
2013-06-26,148.73608597706428
2013-06-30,160.357189250226
2013-07-04,168.59542487969742
2013-07-08,182.8751500302614
2013-07-12,203.8510744098401
2013-07-16,212.8017373082041
2013-07-20,215.3361739396125
2013-07-24,237.8693024997337
2013-07-28,249.0994826689177
2013-08-01,267.91812547360365
2013-08-05,298.2627314366096
2013-08-09,336.66209222397435
2013-08-13,376.2751368364114
2013-08-17,417.64607194077456
2013-08-21,445.9833469173606
2013-08-25,514.4285926635633
2013-08-29,540.642312281752
2013-09-02,621.4730333416313
2013-09-06,698.7825167292746
2013-09-10,723.487776940836
2013-09-14,808.7310737988183
2013-09-18,938.5978664429738
2013-09-22,1003.7840543369236
2013-09-26,1188.3556169366873
2013-09-30,1288.6785719866778
2013-10-04,1327.3843201087675
2013-10-08,1498.0842413682387
2013-10-12,1655.8821947402787
2013-10-16,1998.7875744573157
2013-10-20,2489.9831825956585
2013-10-24,2753.06018355295
2013-10-28,3154.265107328026
2013-11-01,3557.2878842719365
2013-11-05,3789.469210697324
2013-11-09,3802.868954489952
2013-11-13,4147.204872727961
2013-11-17,4600.748712702582
2013-11-21,4837.318485408744
2013-11-25,4890.88994822549
2013-11-29,5159.239662198924
2013-12-03,5747.665809673451
2013-12-07,6364.947624458908
2013-12-11,6948.166596301985
2013-12-15,7626.345870173981
2013-12-19,8450.317119995249
2013-12-23,9325.823474388084
2013-12-27,9731.244641570196
2013-12-31,10063.544648256046
2014-01-04,10467.423254797186
2014-01-08,11760.629686481998
2014-01-12,13407.560897338728
2014-01-16,14567.21301322149
2014-01-20,15605.92598039062
2014-01-24,15542.38393649655
2014-01-28,17331.990579226876
2014-02-01,17822.991987249763
2014-02-05,19318.627678487515
2014-02-09,21050.05453471475
2014-02-13,21315.11098354659
2014-02-17,22916.071284494206
2014-02-21,25945.390872017462
2014-02-25,27225.087107952782
2014-03-01,28674.53967216545
2014-03-05,28823.99913622904
2014-03-09,29671.474494862923
2014-03-13,31676.67003150208
2014-03-17,32922.879427626074
2014-03-21,33714.16825697453
2014-03-25,37064.45713479384
2014-03-29,40937.454661283635
2014-04-02,41778.36544537938
2014-04-06,46535.26769346952
2014-04-10,47918.96444822329
2014-04-14,49108.70776622058
2014-04-18,53560.08428171079
2014-04-22,56580.32547465287
2014-04-26,56994.02461229938
2014-04-30,57241.824719309385
2014-05-04,60015.63065165797
2014-05-08,62954.26662221349
2014-05-12,64715.62245731151
2014-05-16,69347.179701203
2014-05-20,74314.99306149459
2014-05-24,75195.2044852348
2014-05-28,77437.57668109036
2014-06-01,79597.02104263773
2014-06-05,87244.86914654785
2014-06-09,89257.84566792287
2014-06-13,88915.5363535424
2014-06-17,101104.89626679788
2014-06-21,110407.81276347012
2014-06-25,118931.46261857284
2014-06-29,122373.20912521955
2014-07-03,120899.20990801524
2014-07-07,118958.00693112356
2014-07-11,128393.43117566056
2014-07-15,131165.1145060147
2014-07-19,134448.47987745813
2014-07-23,138994.89818217
2014-07-27,131153.4132534286
2014-07-31,138928.45083802432
2014-08-04,144765.1707426543
2014-08-08,139842.09048761913
2014-08-12,156186.90539780844
2014-08-16,168831.86476869663
2014-08-20,169112.0836313833
2014-08-24,185549.64738442973
2014-08-28,188128.00704139343
2014-09-01,198965.26397267077
2014-09-05,210825.0290594278
2014-09-09,214846.2222011833
2014-09-13,213482.7375634606
2014-09-17,230941.5696626661
2014-09-21,253354.50222640412
2014-09-25,246999.45618393575
2014-09-29,237192.74211888437
2014-10-03,246393.12246525107
2014-10-07,262638.82284757507
2014-10-11,262629.4035253776
2014-10-15,252228.7959340776
2014-10-19,258760.30211622673
2014-10-23,257517.4572453515
2014-10-27,261871.36335582825
2014-10-31,271139.4412963538
2014-11-04,289794.6526202308
2014-11-08,290597.8056613779
2014-11-12,293337.63023170776
2014-11-16,285462.79452078935
2014-11-20,289233.9732779993
2014-11-24,284409.69737578573
2014-11-28,280465.55231544265
2014-12-02,288192.66447107226
2014-12-06,288718.2953545132
2014-12-10,277260.33042566705
2014-12-14,285532.2921508868
2014-12-18,277008.94014638255
2014-12-22,271171.9834029166
2014-12-26,286091.70867250056
2014-12-30,314392.6514500937
2015-01-03,318714.7260085566
2015-01-07,327861.4195736144
2015-01-11,307947.301659372
2015-01-15,297101.57323095674
2015-01-19,310389.73111570545
2015-01-23,311326.52104865026
2015-01-27,282598.2964383434
2015-01-31,298941.4036976771
2015-02-04,314787.2043903605
2015-02-08,324459.4369274946
2015-02-12,325949.8248362465
2015-02-16,323906.8389355815
2015-02-20,338744.67658662656
2015-02-24,340597.5356517282
2015-02-28,334246.61958743137
2015-03-04,347109.3574442462
2015-03-08,339484.22351758165
2015-03-12,339864.72686120734
2015-03-16,337478.8310799632
2015-03-20,329395.50578463485
2015-03-24,335457.99975613115
2015-03-28,361125.72885981074
2015-04-01,357972.4294895153
2015-04-05,343706.6144125466
2015-04-09,345894.12911241356
2015-04-13,338851.94912259013
2015-04-17,342363.3682844822
2015-04-21,346928.21319494204
2015-04-25,342085.4534769901
2015-04-29,337766.75216919265
2015-05-03,338104.8570262188
2015-05-07,336176.2561197099
2015-05-11,335969.6569151445
2015-05-15,342398.0793536015
2015-05-19,362216.00834418734
2015-05-23,349359.2739288314
2015-05-27,338632.8548296611
2015-05-31,338979.4595940725
2015-06-04,338914.824430182
2015-06-08,351645.17658567725
2015-06-12,367020.1241260344
2015-06-16,363990.3086082206
2015-06-20,362174.7751636253
2015-06-24,354300.40170549497
2015-06-28,352888.84632021416
2015-07-02,354835.580269439
2015-07-06,360299.10635788826
2015-07-10,376086.3116023916
2015-07-14,362611.5953885363
2015-07-18,361355.7505934119
2015-07-22,370334.19420020294
2015-07-26,379982.6239220452
2015-07-30,388594.5430343716
2015-08-03,387216.52581849584
2015-08-07,377563.9566226368
2015-08-11,379704.4428539934
2015-08-15,389964.5367690211
2015-08-19,365264.2877990064
2015-08-23,394649.99450108706
2015-08-27,400765.3139901032
2015-08-31,407263.8701419768
2015-09-04,413813.9986116207
2015-09-08,417963.619213385
2015-09-12,431987.7009136632
2015-09-16,437245.97817197547
2015-09-20,420468.6954100101
2015-09-24,410138.5050297866
2015-09-28,440329.60604035377
2015-10-02,456272.3595624715
2015-10-06,453468.788130199
2015-10-10,434022.4246954131
2015-10-14,422362.1207483723
2015-10-18,442884.8037179
2015-10-22,445335.4174457101
2015-10-26,450956.1557241511
2015-10-30,451963.84968615585
2015-11-03,466643.81661473034
2015-11-07,466409.8110023018
2015-11-11,457125.8242430142
2015-11-15,490312.2186328014
2015-11-19,508302.0889758474
2015-11-23,527474.4768765004
2015-11-27,555465.6815085089
2015-12-01,552589.1237620645
2015-12-05,558786.3849631345
2015-12-09,575412.9787260932
2015-12-13,664613.9391155678
2015-12-17,687573.3765520828
2015-12-21,695865.7111467419
2015-12-25,709038.8147739202
2015-12-29,750557.2287533741
2016-01-02,781179.9336694662
2016-01-06,780952.3681237582
2016-01-10,812210.8065743857
2016-01-14,856438.8245841406
2016-01-18,807462.711338615
2016-01-22,809006.7386918638
2016-01-26,895139.7944530871
2016-01-30,959115.1401624888
2016-02-03,995618.1718108044
2016-02-07,1064663.6100956276
2016-02-11,1170902.949029092
2016-02-15,1210727.4042139906
2016-02-19,1134992.9765623978
2016-02-23,1122042.446767042
2016-02-27,1122716.5967920024
2016-03-02,1115750.413151101
2016-03-06,1176124.0047055834
2016-03-10,1182661.4746346704
2016-03-14,1185819.1146866248
2016-03-18,1177943.655670679
2016-03-22,1160553.647629226
2016-03-26,1184672.4907071462
2016-03-30,1244611.2774393533
2016-04-03,1220341.0579831232
2016-04-07,1215680.049508243
2016-04-11,1292715.5687596935
2016-04-15,1319607.317131885
2016-04-19,1306369.8620389153
2016-04-23,1319633.2464804095
2016-04-27,1285373.537194018
2016-05-01,1242172.1568776155
2016-05-05,1358823.5809783698
2016-05-09,1404498.3231961315
2016-05-13,1397829.1545605804
2016-05-17,1370272.461503602
2016-05-21,1364319.776956976
2016-05-25,1490994.6073375845
2016-05-29,1487224.009155203
2016-06-02,1375776.66173109
2016-06-06,1395592.3749658987
2016-06-10,1483291.6562820177
2016-06-14,1476356.5032597517
2016-06-18,1459155.2896971
2016-06-22,1547118.491909379
2016-06-26,1536803.6434820157
2016-06-30,1524610.3304640572
2016-07-04,1564770.7977055495
2016-07-08,1554081.0534019496
2016-07-12,1539692.5723924672
2016-07-16,1512414.554377637
2016-07-20,1500475.0643218402
2016-07-24,1469011.5472056784
2016-07-28,1376627.8532701624
2016-08-01,1434240.0321515142
2016-08-05,1551190.2975887558
2016-08-09,1590015.4337449714
2016-08-13,1491087.512258583
2016-08-17,1552201.0202241542
2016-08-21,1576595.1540976488
2016-08-25,1676441.7329387732
2016-08-29,1569927.4791885212
2016-09-02,1585634.69278992
2016-09-06,1628830.7598156298
2016-09-10,1599044.63427521
2016-09-14,1715941.6494418243
2016-09-18,1767828.8105885356
2016-09-22,1690346.923926197
2016-09-26,1755585.7262027245
2016-09-30,1854675.1988884744
2016-10-04,1802146.5088548928
2016-10-08,1850112.3855164289
2016-10-12,1897250.873499276
2016-10-16,1789993.5200488386
2016-10-20,1729409.123985647
2016-10-24,1820178.174170574
2016-10-28,1878816.0790978456
2016-11-01,1903722.144951221
2016-11-05,1826276.4947781824
2016-11-09,1846883.2731277863
2016-11-13,2016117.2218417048
2016-11-17,2064937.9976172464
2016-11-21,2030091.3388923637
2016-11-25,2009204.7391204464
2016-11-29,2119270.735785414
2016-12-03,2096331.047771838
2016-12-07,2136272.146722828
2016-12-11,2136244.0807198593
2016-12-15,2209556.5563213034
2016-12-19,2165835.3510026517
2016-12-23,2262016.178870619
2016-12-27,2321484.958646186
2016-12-31,2388534.8363619717
2017-01-04,2479403.0382490805
2017-01-08,2423001.695249785
2017-01-12,2425095.33875336
2017-01-16,2641887.4804168753
2017-01-20,2732216.4828686495
2017-01-24,2914251.3752072384
2017-01-28,3053427.6840616013
2017-02-01,3033399.2388273524
2017-02-05,3102542.9915142865
2017-02-09,3030498.4575872305
2017-02-13,3054992.9644181477
2017-02-17,3150929.9368041903
2017-02-21,3190296.409473513
2017-02-25,3214698.9371839655
2017-03-01,3433811.815083556
2017-03-05,3361582.213987116
2017-03-09,3334927.1811595457
2017-03-13,3419384.661996132
2017-03-17,3455378.184753985
2017-03-21,3546574.011183695
2017-03-25,3668730.4760673465
2017-03-29,3618057.403193488
2017-04-02,3525770.907736244
2017-04-06,3732651.814395701
2017-04-10,3789422.1841963967
2017-04-14,3716265.809637708
2017-04-18,3689030.6088938857
2017-04-22,3809461.380002141
2017-04-26,3768777.8118661977
2017-04-30,3828030.482047049
2017-05-04,3881003.7613992137
2017-05-08,3973673.383209128
2017-05-12,4087103.120458678
2017-05-16,4268826.866837841
2017-05-20,4314627.130897485
2017-05-24,4365471.603180534
2017-05-28,4576075.581265672
2017-06-01,4837084.425534403
2017-06-05,5016434.728100327
2017-06-09,5315464.142712018
2017-06-13,5138325.294241457
2017-06-17,4897315.665055648
2017-06-21,5052025.489071213
2017-06-25,5150122.021218943
2017-06-29,5038931.948140614
2017-07-03,5333067.905316561
2017-07-07,5643284.511089206
2017-07-11,5495513.890133706
2017-07-15,5861899.508277555
2017-07-19,5920137.727710934
2017-07-23,6290353.420675983
2017-07-27,6404619.6045211395
2017-07-31,6416568.82035091
2017-08-04,6340973.960797036
2017-08-08,6646415.866423098
2017-08-12,6600428.012143145
2017-08-16,6431739.376147588
2017-08-20,6812005.312759782
2017-08-24,6372732.59288018
2017-08-28,5293923.580283118
2017-09-01,6118103.511203514
2017-09-05,7234499.718917969
2017-09-09,7713587.645359667
2017-09-13,7745290.322226867
2017-09-17,7948423.993960397
2017-09-21,7714642.827621005
2017-09-25,8039495.313184744
2017-09-29,8125688.732721812
2017-10-03,8241514.825746937
2017-10-07,8093774.808395992
2017-10-11,8611583.305468943
2017-10-15,8555715.75853819
2017-10-19,9245168.605723055
2017-10-23,10037300.022069383
2017-10-27,10670559.23420078
2017-10-31,9904229.24221839
2017-11-04,9306199.07846492
2017-11-08,9677621.65809323
2017-11-12,9438552.350897446
2017-11-16,8361124.917554744
2017-11-20,10028527.453613034
2017-11-24,10571133.769943774
2017-11-28,10396548.537925262
2017-12-02,11077064.76923594
2017-12-06,11660571.635318296
2017-12-10,12675804.939481717
2017-12-14,13082739.115663083
2017-12-18,13817089.756870428
2017-12-22,13779353.804606983
2017-12-26,13155477.122510526
2017-12-30,13807265.170036314
2018-01-03,14859847.519579502
2018-01-07,15374680.497350205
2018-01-11,15592706.54868646
2018-01-15,16699532.96731619
2018-01-19,17518474.864028975
2018-01-23,18921900.076749504
2018-01-27,19787587.232494235
2018-01-31,20216478.37340072
2018-02-04,19890578.531373043
2018-02-08,22043211.73546868
2018-02-12,21200794.83270078
2018-02-16,21822998.378448155
2018-02-20,22537502.53489875
2018-02-24,22619613.70976804
2018-02-28,23129455.071288913
2018-03-04,24090512.761231683
2018-03-08,24656663.69515837
2018-03-12,24840322.333639424
2018-03-16,24443064.121342275
2018-03-20,25073739.768088404
2018-03-24,24653093.04215949
2018-03-28,25105502.58619999
2018-04-01,24933378.67032987
2018-04-05,26526747.478073098
2018-04-09,27451982.744913302
2018-04-13,27551717.46878219
2018-04-17,28081059.67228455
2018-04-21,29391435.649626076
2018-04-25,30154849.562603377
2018-04-29,27778760.672412448
2018-05-03,29007915.362040572
2018-05-07,29705021.855992816
2018-05-11,29676459.334977467
2018-05-15,29771418.72271976
2018-05-19,30898997.443865977
2018-05-23,31340411.69306404
2018-05-27,32780259.376856085
2018-05-31,34072425.972664125
2018-06-04,34255939.93661024
2018-06-08,36623986.38944037
2018-06-12,35787978.208581574
2018-06-16,35226598.158250876
2018-06-20,38429675.25013728
2018-06-24,39784321.86544569
2018-06-28,38798076.90988413
2018-07-02,36778846.14133995
2018-07-06,35940839.56543448
2018-07-10,37975716.11703958
2018-07-14,38775605.824620165
2018-07-18,36509848.57509012
2018-07-22,38873815.39954954
2018-07-26,42145481.84301064
2018-07-30,43186317.48986679
2018-08-03,43330461.804432616
2018-08-07,45756461.595135145
2018-08-11,46474707.06800876
2018-08-15,47856434.09623907
2018-08-19,48640417.27294009
2018-08-23,48685790.79651558
2018-08-27,49000382.03378043
2018-08-31,51603523.670061335
2018-09-04,49684097.09108747
2018-09-08,47988724.25098981
2018-09-12,50356537.709924355
2018-09-16,51192470.87111106
2018-09-20,49447839.43928157
2018-09-24,52079819.00403919
2018-09-28,53232311.492059335
2018-10-02,54756137.20270987
2018-10-06,53076537.694388136
2018-10-10,50256807.6983317
2018-10-14,52041213.86551923
2018-10-18,51935331.436494775
2018-10-22,51884979.84490446
2018-10-26,50090631.11163218
2018-10-30,49427516.85048022
2018-11-03,52846858.85966794
2018-11-07,51832813.4970715
2018-11-11,46121912.99635215
2018-11-15,46938230.04053535
2018-11-19,45715818.24939446
2018-11-23,41998858.13251291
2018-11-27,40869704.50288792
2018-12-01,39499506.31724198
2018-12-05,37101457.81240009
2018-12-09,36223720.32571753
2018-12-13,35005336.7349416
2018-12-17,36488953.52668595
2018-12-21,38263941.14131169
2018-12-25,38725392.663230754
2018-12-29,42065189.44231629
2019-01-02,41167951.690835595
2019-01-06,42762992.71688324
2019-01-10,43172095.940355115
2019-01-14,42014988.00849717
2019-01-18,39460857.63369904
2019-01-22,40531401.694054715
2019-01-26,42453509.403257295
2019-01-30,42667170.64818568
2019-02-03,42249870.142456785
2019-02-07,43481139.78688107
2019-02-11,44881391.034194775
2019-02-15,43191347.20788056
2019-02-19,43605270.288050056
2019-02-23,44380092.46493542
2019-02-27,42855236.49209063
2019-03-03,44232555.43038051
2019-03-07,43291490.9583342
2019-03-11,42083550.08222072
2019-03-15,42890747.09303628
2019-03-19,45511523.434795454
2019-03-23,47795719.21324636
2019-03-27,45849305.9800876
2019-03-31,45880050.97829993
2019-04-04,45573956.52319909
2019-04-08,45905140.88635676
2019-04-12,46415319.08793086
2019-04-16,44945849.057631634
2019-04-20,44764249.667499766
2019-04-24,44471034.3204465
2019-04-28,45391928.68054722
2019-05-02,48183714.41204215
2019-05-06,48827339.21153391
2019-05-10,46746356.701584525
2019-05-14,48023596.0147234
2019-05-18,50117786.52478069
2019-05-22,51222568.44080638
2019-05-26,52135937.52285272
2019-05-30,53373868.45946839
2019-06-03,52847618.05786451
2019-06-07,52391955.68991896
2019-06-11,55994233.735333
2019-06-15,54082274.33669797
2019-06-19,53931003.70699913
2019-06-23,53722574.62708885
2019-06-27,57195336.55205248
2019-07-01,61165896.332180314
2019-07-05,63617010.316239394
2019-07-09,67335985.23286633
2019-07-13,65236285.66638231
2019-07-17,65398734.02913995
2019-07-21,64497570.3712581
2019-07-25,64609474.1220631
2019-07-29,69400228.24262597
2019-08-02,71436400.26888417
2019-08-06,71750336.91595867
2019-08-10,74566507.44960836
2019-08-14,73463402.5902995
2019-08-18,72825207.00795133
2019-08-22,72283871.8608038
2019-08-26,76729088.15301375
2019-08-30,76367499.61317863
2019-09-03,78440212.48352496
2019-09-07,81911711.3311619
2019-09-11,85217635.49735968
2019-09-15,89554384.74609981
2019-09-19,90214468.3326224
2019-09-23,94235786.35823512
2019-09-27,91434682.17080024
2019-10-01,91495287.63803318
2019-10-05,91519571.94981956
2019-10-09,96593924.45396784
2019-10-13,96238944.05855842
2019-10-17,94440182.24777238
2019-10-21,95055454.38742112
2019-10-25,100207780.94612253
2019-10-29,95375220.792608
2019-11-02,89256768.1250417
2019-11-06,91784737.59263548
2019-11-10,90762607.514594
2019-11-14,90699368.88504884
2019-11-18,94847233.72984722
2019-11-22,92753027.64806037
2019-11-26,90238982.020373
2019-11-30,91115589.19144288
2019-12-04,92681782.33224624
2019-12-08,96880815.35477404
2019-12-12,93446264.21635814
2019-12-16,90347136.67845428
2019-12-20,92925415.7375964
2019-12-24,98740227.53509028
2019-12-28,96827572.572071
2020-01-01,97011480.59215084
2020-01-05,105793194.82492831
2020-01-09,107202820.5002444
2020-01-13,105144996.70636413
2020-01-17,106142030.5758593
2020-01-21,108984910.82487468
2020-01-25,110600317.70289543
2020-01-29,110086945.93868303
2020-02-02,110981010.23884848
2020-02-06,113456448.3565329
2020-02-10,110381152.56371304
2020-02-14,108294601.66974202
2020-02-18,111150618.92552446
2020-02-22,111729559.85059436
2020-02-26,109924843.8400675
2020-03-01,110892855.15019846
2020-03-05,119877988.6719989
2020-03-09,121197746.34545204
2020-03-13,116070927.61330412
2020-03-17,104972190.00322084
2020-03-21,94627786.06113414
2020-03-25,95333086.32991289
2020-03-29,99147879.97675765
2020-04-02,104989801.55573513
2020-04-06,106308080.8787355
2020-04-10,105903459.59372948
2020-04-14,114921002.25323077
2020-04-18,115054068.8189836
2020-04-22,112777076.67665616
2020-04-26,111912718.6898519
2020-04-30,113216514.46699288
2020-05-04,116956399.32926574
2020-05-08,122164632.51837364
2020-05-12,121087434.47597235
2020-05-16,110593624.25691998
2020-05-20,94810873.3288382
2020-05-24,90689768.70048092
2020-05-28,92882000.95950736
2020-06-01,102234702.44501317
2020-06-05,105288528.1766404
2020-06-09,112208528.24468684
2020-06-13,115951097.54610994
2020-06-17,110570811.73739882
2020-06-21,105875824.18477464
2020-06-25,110861798.94428022
2020-06-29,115793972.0014575
2020-07-03,119940130.74771547
2020-07-07,124421541.56999876
2020-07-11,124533213.70598333
2020-07-15,122915681.28235176
2020-07-19,116374944.77118148
2020-07-23,113943058.68242148
2020-07-27,124043956.85751176
2020-07-31,126308844.8531762
2020-08-04,122154894.82121404
2020-08-08,122274537.22554436
2020-08-12,122886223.95061506
2020-08-16,129075393.19033508
2020-08-20,123363117.03448936
2020-08-24,119993197.73988862
2020-08-28,122017801.8251035
2020-09-01,122817197.05918723
2020-09-05,122817197.05918723
2020-09-09,127930089.15456907
2020-09-13,135233596.35173258
2020-09-17,137347966.3056256
2020-09-21,139904505.85300225
2020-09-25,133839259.63432512
2020-09-29,138259695.98178923
2020-10-03,135516448.04564264
2020-10-07,136429165.52396673
2020-10-11,140610835.70341173
2020-10-15,144034012.33583727
2020-10-19,144339932.50425592
2020-10-23,136175009.87699607
2020-10-27,130791599.99852994
2020-10-31,113182307.49058452
2020-11-04,110352547.38279946
2020-11-08,121130852.4218934
2020-11-12,126728589.87125708
2020-11-16,127563114.92214964
2020-11-20,128602936.80096644
2020-11-24,140083639.15004912
2020-11-28,135584967.4199851
2020-12-02,131996845.77838089
2020-12-06,133755751.8608618
2020-12-10,137948518.46795613
2020-12-14,134533587.6076591
2020-12-18,131791042.04281811
2020-12-22,134441785.8073798
2020-12-26,134176614.63221736
2020-12-30,135214014.93546128
2021-01-03,145103346.174645
2021-01-07,149387454.0462804
2021-01-11,151089413.12252626
2021-01-15,149884529.1685857
2021-01-19,150294161.27559942
2021-01-23,144294102.25680718
2021-01-27,148185308.05110505
2021-01-31,150095785.47639352
2021-02-04,147729743.5378494
2021-02-08,158947631.13423166
2021-02-12,160711290.00435206
2021-02-16,154346676.71758848
2021-02-20,153151584.74440545
2021-02-24,149558390.99271905
2021-02-28,156124507.79885778
2021-03-04,155507414.88265678
2021-03-08,153716875.77834648
2021-03-12,156136781.5795335
2021-03-16,155208209.19067955
2021-03-20,157420617.6912914
2021-03-24,163071647.62666968
2021-03-28,165991691.17627487
2021-04-01,164904748.39027494
2021-04-05,161456161.73214817
2021-04-09,165551986.66394418
2021-04-13,169731988.62621096
2021-04-17,164404171.24372485
2021-04-21,141475361.29820356
2021-04-25,146198398.6654064
2021-04-29,161102931.86268154
2021-05-03,161148443.24309963
2021-05-07,174317609.61284044
2021-05-11,178111649.39833212
2021-05-15,179327827.5416231
2021-05-19,160228122.6394345
2021-05-23,145139314.78922963
2021-05-27,147273716.47730657
2021-05-31,150291730.25568312
2021-06-04,152576708.79698002
2021-06-08,149469765.97834077
2021-06-12,136316426.57224676
2021-06-16,129079871.70711638
2021-06-20,125129902.82716677
2021-06-24,107438013.15359342
2021-06-28,93424359.26399422
2021-07-02,87620724.82486732
2021-07-06,90819460.5560025
2021-07-10,93863737.36277008
2021-07-14,95980639.4396812
2021-07-18,99739876.71501002
2021-07-22,99339154.93317965
2021-07-26,100202533.56699017
2021-07-30,104766021.0453318
2021-08-03,110044864.56184068
2021-08-07,110879828.6605434
2021-08-11,112931775.0166298
2021-08-15,113148142.62570126
2021-08-19,120921930.17512046
2021-08-23,123285733.74419063
2021-08-27,130281220.63377182
2021-08-31,126249208.85984442
2021-09-04,126343503.19093786
2021-09-08,134849798.45527822
2021-09-12,134785023.05355358
2021-09-16,135613291.5168814
2021-09-20,139536530.42286643
2021-09-24,138478902.6366636
2021-09-28,135671902.50093386
2021-10-02,139093368.32525793
2021-10-06,149322865.8079602
2021-10-10,141032003.29279727
2021-10-14,143953931.02118438
2021-10-18,144095200.82591566
2021-10-22,146706531.95442763
2021-10-26,155450273.37765488
2021-10-30,158445186.90144458
2021-11-03,157794954.1316647
2021-11-07,161379304.1724988
2021-11-11,160119462.62869972
2021-11-15,161753319.40522012
2021-11-19,166034035.61704582
2021-11-23,160697678.0375032
2021-11-27,156028106.23080215
2021-12-01,156604715.81627068
2021-12-05,163660443.37358636
2021-12-09,180504950.22444588
2021-12-13,178175819.66922092
2021-12-17,167608149.67714044
2021-12-21,167354661.33481413
2021-12-25,177492161.35406885
2021-12-29,174504391.82377318
2022-01-02,172541536.0396956
2022-01-06,178402087.71337157
2022-01-10,173918482.77553186
2022-01-14,180388266.9640267
2022-01-18,196787486.4667856
2022-01-22,194677774.9425014
2022-01-26,193426935.944432
2022-01-30,190530143.19354087
2022-02-03,194881874.36876577
2022-02-07,189714890.12531072
2022-02-11,186124754.03821912
2022-02-15,204894779.78420892
2022-02-19,214208889.76468316
2022-02-23,199456437.81206557
2022-02-27,190663500.7762656
2022-03-03,194437049.2291291
2022-03-07,195932902.69002447
2022-03-11,190169638.8688875
2022-03-15,201321562.13589025
2022-03-19,206471636.31633133
2022-03-23,208395817.76893055
2022-03-27,206846724.75080985
2022-03-31,201972862.2449
2022-04-04,198753839.0238673
2022-04-08,204228810.4583426
2022-04-12,202401713.7445006
2022-04-16,206231769.11502817
2022-04-20,199524647.62317377
2022-04-24,210467774.84148735
2022-04-28,223151676.63397452
2022-05-02,222006266.70131093
2022-05-06,228510725.356766
2022-05-10,221740037.19804692
2022-05-14,224124125.5157015
2022-05-18,223260239.8804358
2022-05-22,211276091.81528312
2022-05-26,206058024.37013593
2022-05-30,215833901.04285884
2022-06-03,211466209.0959997
2022-06-07,209130738.91522053
2022-06-11,227821656.20112503
2022-06-15,221500575.0286112
2022-06-19,205163245.12925556
2022-06-23,199225068.1313164
2022-06-27,207951469.1457251
2022-07-01,214611394.1624176
2022-07-05,217971259.43306217
2022-07-09,206150660.12152672
2022-07-13,205957831.904181
2022-07-17,196883286.89226907
2022-07-21,193156789.3485668
2022-07-25,197350729.2216937
2022-07-29,206687410.85855284
2022-08-02,202360937.93858317
2022-08-06,197183586.16781405
2022-08-10,206144749.20955777
2022-08-14,205483680.97677416
2022-08-18,197680503.21816245
2022-08-22,208582028.04018536
2022-08-26,220465112.4484684
2022-08-30,224693210.49542537
2022-09-03,215980538.09018245
2022-09-07,224333620.00115603
2022-09-11,228781814.1653135
2022-09-15,227909608.2395609
2022-09-19,229154215.6133512
2022-09-23,228251773.5375356
2022-09-27,227341497.27218145
2022-10-01,233122853.25568995
2022-10-05,248825712.31721595
2022-10-09,257002609.49352965
2022-10-13,262255135.39905593
2022-10-17,265070008.45477676
2022-10-21,263004438.1173739
2022-10-25,259399942.9701245
2022-10-29,258550344.75599608
2022-11-02,273097232.38479
2022-11-06,266295960.31390437
2022-11-10,271032857.1749895
2022-11-14,269685404.6310329
2022-11-18,260021282.88318095
2022-11-22,263077533.68556604
2022-11-26,247324396.88041547
2022-11-30,238261667.55870083
2022-12-04,250069789.8496056
2022-12-08,257239076.82300544
2022-12-12,263954681.1342534
2022-12-16,254857873.67867735
2022-12-20,243778056.23455873
2022-12-24,240369602.33241248
2022-12-28,222004887.14039245
2023-01-01,253145844.16008553
2023-01-05,264405031.1669105
2023-01-09,267133266.33227512
2023-01-13,267778490.61341515
2023-01-17,272242215.3019266
2023-01-21,273639463.89835006
2023-01-25,265078737.9439779
2023-01-29,290972632.7884551
2023-02-02,280747934.8790267
2023-02-06,267153648.285986
2023-02-10,282523366.54511696
2023-02-14,294461323.19596404
2023-02-18,313668486.01023257
2023-02-22,320056137.2255336
2023-02-26,288927289.7839041
2023-03-02,305670928.22058815
2023-03-06,325924657.8430554
2023-03-10,317975275.9444443
2023-03-14,323422660.6149441
2023-03-18,326910145.9649151
2023-03-22,320724523.52470857
2023-03-26,346428971.90105784
2023-03-30,349616995.90244436
2023-04-03,337314061.63141257
2023-04-07,340368391.95371956
2023-04-11,343508837.81362575
2023-04-15,344154263.0507898
2023-04-19,355376684.6720112
2023-04-23,345922409.1716323
2023-04-27,335159298.2415374
2023-05-01,331400506.74278486
2023-05-05,356071502.3734608
2023-05-09,329125648.8584445
2023-05-13,353864291.50160843
2023-05-17,368523409.5503263
2023-05-21,364266387.7410949
2023-05-25,355736219.95228237
2023-05-29,368765614.5885168
2023-06-02,370339843.966874
2023-06-06,363203583.7365145
2023-06-10,372934945.59678566
2023-06-14,392582250.04773825
2023-06-18,378488018.4713759
2023-06-22,368419038.6309715
2023-06-26,356894326.0199118
2023-06-30,356541797.3917007
2023-07-04,360073549.869672
2023-07-08,378364811.3472676
2023-07-12,397426916.8619112
2023-07-16,371046162.9459539
2023-07-20,381699875.58489335
2023-07-24,370214422.9594703
2023-07-28,366457383.57451195
2023-08-01,374474814.71514183
2023-08-05,373837432.7069746
2023-08-09,377181902.78089386
2023-08-13,387449251.41340274
2023-08-17,403678843.1736723
2023-08-21,410003765.14044875
2023-08-25,390877693.99169225
2023-08-29,365279719.2438345
2023-09-02,375244162.2989175
2023-09-06,396573830.47169816
2023-09-10,387656810.6259131
2023-09-14,393774544.8476787
2023-09-18,423384544.8020452
2023-09-22,419482555.6757231
2023-09-26,403942795.9953831
2023-09-30,419020837.4981901
2023-10-04,426071277.7067796
2023-10-08,433019247.54510784
2023-10-12,446959351.0513548
2023-10-16,445331083.83441
2023-10-20,436771211.65719944
2023-10-24,451177082.1433535
2023-10-28,448143230.4862897
2023-11-01,460578041.84067166
2023-11-05,461884981.20968914
2023-11-09,452453934.1324495
2023-11-13,456439922.3143614
2023-11-17,466501137.9412872
2023-11-21,491005450.2378312
2023-11-25,502488271.805601
2023-11-29,487029953.91810226
2023-12-03,477244836.89150006
2023-12-07,494182411.584665
2023-12-11,470499126.2508285
2023-12-15,493313217.742293
2023-12-19,512384571.9871302
2023-12-23,521466014.96078265
2023-12-27,529031189.00304127
2023-12-31,508792533.0939955
2024-01-04,520042217.2428075
2024-01-08,518595022.6300483
2024-01-12,506636518.0325392
2024-01-16,533845476.3193106
2024-01-20,478745553.7391286
2024-01-24,505457101.0678798
2024-01-28,553492748.2877595
2024-02-01,546998699.7970188
2024-02-05,552390750.651993
2024-02-09,595232024.8644879
2024-02-13,590866111.126395
2024-02-17,562089926.3459789
2024-02-21,556818212.1261536
2024-02-25,561217332.7079213
2024-02-29,583851744.2649109
2024-03-04,561495738.6159471
2024-03-08,592896959.1063117
2024-03-12,629440820.9292109
2024-03-16,596376028.9501756
2024-03-20,601016901.1328033
2024-03-24,600326416.1262681
2024-03-28,586018735.9008158
2024-04-01,587131213.213699
2024-04-05,598588166.7988552
2024-04-09,625152730.414189
2024-04-13,625213980.2685559
2024-04-17,638555826.9029995
2024-04-21,629436131.3670883
2024-04-25,639515626.3898393
2024-04-29,640154800.4004605
2024-05-03,601267922.1815729
2024-05-07,593759894.0169747
2024-05-11,580624795.8773992
2024-05-15,591707059.4587656
2024-05-19,579256277.1083864
2024-05-23,605827665.9665693
2024-05-27,657252698.805815
2024-05-31,602228334.7644863
2024-06-04,587247530.417111
2024-06-08,580159912.4300205
2024-06-12,586377106.6864693
2024-06-16,575486715.1570948
2024-06-20,593916558.3077871
2024-06-24,574155128.2644798
2024-06-28,553216140.0523161
2024-07-02,552027705.8094538
2024-07-06,575086059.9167141
2024-07-10,587610577.8570688
2024-07-14,583726618.8508646
2024-07-18,604049789.3330997
2024-07-22,612965536.6451161
2024-07-26,659570263.6002624
2024-07-30,647917078.7309998
2024-08-03,625301879.0478894
2024-08-07,627805171.0713837
2024-08-11,611028059.2675912
2024-08-15,622590682.3052443
2024-08-19,643576050.4386795
2024-08-23,637890023.034773
2024-08-27,642208427.4460336
2024-08-31,621342327.9273863
2024-09-04,659041095.3470981
2024-09-08,677950548.4504986
2024-09-12,647069570.4216756
2024-09-16,621785862.8080198
2024-09-20,623882733.2714927
2024-09-24,639677232.8479862
2024-09-28,631335288.0889965
2024-10-02,624349707.7769285
2024-10-06,679280632.2757124
2024-10-10,679804647.1560799
2024-10-14,660813853.9138254
2024-10-18,662838786.6576455
2024-10-22,723631693.1262462
2024-10-26,735533947.4653145
2024-10-30,735808128.6965324
2024-11-03,752114126.008367
2024-11-07,710488349.7368287
2024-11-11,735986485.0889133
2024-11-15,704517513.8373157
2024-11-19,739298247.4005176
2024-11-23,776725605.830393
2024-11-27,736574529.3775684
2024-12-01,727857671.0417393
2024-12-05,742090867.7091497
2024-12-09,744435524.1953032
2024-12-13,763811231.2095883
2024-12-17,785328466.2456628
2024-12-21,776113526.7175801
2024-12-25,779147380.7705716
2024-12-29,777606040.749265
2025-01-02,788468393.0213293
2025-01-06,812357576.4028394
2025-01-10,772597272.7593223
2025-01-14,773363115.677434
2025-01-18,790112290.1479307
2025-01-22,770251914.7085882
2025-01-26,775742508.805289
2025-01-30,777188657.8831193
2025-02-03,832661159.2015295
2025-02-07,808395661.2726393
2025-02-11,804391861.210578
2025-02-15,808839653.6835066
2025-02-19,835888524.3296427
2025-02-23,771838870.1860522
2025-02-27,767532760.5449593
2025-03-03,793050035.3140562
2025-03-07,805613204.1903183
2025-03-11,820489332.4960032
2025-03-15,827136283.8659939
2025-03-19,806779551.3327483
2025-03-23,809168829.3722333
2025-03-27,840832244.6075184
2025-03-31,836119787.2315587
2025-04-04,839351168.0517771
2025-04-08,902018091.7338228
2025-04-12,882825955.9045093
2025-04-16,890495869.1094177
2025-04-20,899377604.8951199
2025-04-24,823755046.1075169
2025-04-28,829637413.1392218
