Time,Confirmed_Transaction
2020-01-02,287215.0
2020-01-03,287215.0
2020-01-04,287215.0
2020-01-05,287215.0
2020-01-06,287215.0
2020-01-07,287215.0
2020-01-08,318019.0
2020-01-09,318019.0
2020-01-10,318019.0
2020-01-11,318019.0
2020-01-12,283136.0
2020-01-13,283136.0
2020-01-14,283136.0
2020-01-15,283136.0
2020-01-16,325947.0
2020-01-17,325947.0
2020-01-18,325947.0
2020-01-19,325947.0
2020-01-20,313661.0
2020-01-21,313661.0
2020-01-22,313661.0
2020-01-23,313661.0
2020-01-24,313887.0
2020-01-25,313887.0
2020-01-26,313887.0
2020-01-27,313887.0
2020-01-28,340052.0
2020-01-29,340052.0
2020-01-30,340052.0
2020-01-31,340052.0
2020-02-01,303724.0
2020-02-02,303724.0
2020-02-03,303724.0
2020-02-04,303724.0
2020-02-05,368604.0
2020-02-06,368604.0
2020-02-07,368604.0
2020-02-08,368604.0
2020-02-09,317070.0
2020-02-10,317070.0
2020-02-11,317070.0
2020-02-12,317070.0
2020-02-13,340081.0
2020-02-14,340081.0
2020-02-15,340081.0
2020-02-16,340081.0
2020-02-17,341491.0
2020-02-18,341491.0
2020-02-19,341491.0
2020-02-20,341491.0
2020-02-21,338484.0
2020-02-22,338484.0
2020-02-23,338484.0
2020-02-24,338484.0
2020-02-25,334593.0
2020-02-26,334593.0
2020-02-27,334593.0
2020-02-28,334593.0
2020-02-29,307527.0
2020-03-01,307527.0
2020-03-02,307527.0
2020-03-03,307527.0
2020-03-04,358745.0
2020-03-05,358745.0
2020-03-06,358745.0
2020-03-07,358745.0
2020-03-08,302694.0
2020-03-09,302694.0
2020-03-10,302694.0
2020-03-11,302694.0
2020-03-12,349978.0
2020-03-13,349978.0
2020-03-14,349978.0
2020-03-15,349978.0
2020-03-16,270399.0
2020-03-17,270399.0
2020-03-18,270399.0
2020-03-19,270399.0
2020-03-20,284594.0
2020-03-21,284594.0
2020-03-22,284594.0
2020-03-23,284594.0
2020-03-24,278131.0
2020-03-25,278131.0
2020-03-26,278131.0
2020-03-27,278131.0
2020-03-28,240627.0
2020-03-29,240627.0
2020-03-30,240627.0
2020-03-31,240627.0
2020-04-01,281855.0
2020-04-02,281855.0
2020-04-03,281855.0
2020-04-04,281855.0
2020-04-05,240259.0
2020-04-06,240259.0
2020-04-07,240259.0
2020-04-08,240259.0
2020-04-09,286706.0
2020-04-10,286706.0
2020-04-11,286706.0
2020-04-12,286706.0
2020-04-13,288113.0
2020-04-14,288113.0
2020-04-15,288113.0
2020-04-16,288113.0
2020-04-17,284222.0
2020-04-18,284222.0
2020-04-19,284222.0
2020-04-20,284222.0
2020-04-21,310851.0
2020-04-22,310851.0
2020-04-23,310851.0
2020-04-24,310851.0
2020-04-25,280805.0
2020-04-26,280805.0
2020-04-27,280805.0
2020-04-28,280805.0
2020-04-29,331401.0
2020-04-30,331401.0
2020-05-01,331401.0
2020-05-02,331401.0
2020-05-03,281752.0
2020-05-04,281752.0
2020-05-05,281752.0
2020-05-06,281752.0
2020-05-07,341986.0
2020-05-08,341986.0
2020-05-09,341986.0
2020-05-10,341986.0
2020-05-11,305839.0
2020-05-12,305839.0
2020-05-13,305839.0
2020-05-14,305839.0
2020-05-15,310642.0
2020-05-16,310642.0
2020-05-17,310642.0
2020-05-18,310642.0
2020-05-19,274897.0
2020-05-20,274897.0
2020-05-21,274897.0
2020-05-22,274897.0
2020-05-23,269230.0
2020-05-24,269230.0
2020-05-25,269230.0
2020-05-26,269230.0
2020-05-27,292927.0
2020-05-28,292927.0
2020-05-29,292927.0
2020-05-30,292927.0
2020-05-31,258427.0
2020-06-01,258427.0
2020-06-02,258427.0
2020-06-03,258427.0
2020-06-04,318285.0
2020-06-05,318285.0
2020-06-06,318285.0
2020-06-07,318285.0
2020-06-08,317275.0
2020-06-09,317275.0
2020-06-10,317275.0
2020-06-11,317275.0
2020-06-12,318274.0
2020-06-13,318274.0
2020-06-14,318274.0
2020-06-15,318274.0
2020-06-16,340517.0
2020-06-17,340517.0
2020-06-18,340517.0
2020-06-19,340517.0
2020-06-20,284123.0
2020-06-21,284123.0
2020-06-22,284123.0
2020-06-23,284123.0
2020-06-24,312321.0
2020-06-25,312321.0
2020-06-26,312321.0
2020-06-27,312321.0
2020-06-28,264909.0
2020-06-29,264909.0
2020-06-30,264909.0
2020-07-01,264909.0
2020-07-02,339469.0
2020-07-03,339469.0
2020-07-04,339469.0
2020-07-05,339469.0
2020-07-06,338767.0
2020-07-07,338767.0
2020-07-08,338767.0
2020-07-09,338767.0
2020-07-10,345996.0
2020-07-11,345996.0
2020-07-12,345996.0
2020-07-13,345996.0
2020-07-14,359847.0
2020-07-15,359847.0
2020-07-16,359847.0
2020-07-17,359847.0
2020-07-18,311022.0
2020-07-19,311022.0
2020-07-20,311022.0
2020-07-21,311022.0
2020-07-22,364792.0
2020-07-23,364792.0
2020-07-24,364792.0
2020-07-25,364792.0
2020-07-26,298580.0
2020-07-27,298580.0
2020-07-28,298580.0
2020-07-29,298580.0
2020-07-30,327789.0
2020-07-31,327789.0
2020-08-01,327789.0
2020-08-02,327789.0
2020-08-03,333753.0
2020-08-04,333753.0
2020-08-05,333753.0
2020-08-06,333753.0
2020-08-07,326499.0
2020-08-08,326499.0
2020-08-09,326499.0
2020-08-10,326499.0
2020-08-11,349952.0
2020-08-12,349952.0
2020-08-13,349952.0
2020-08-14,349952.0
2020-08-15,313760.0
2020-08-16,313760.0
2020-08-17,313760.0
2020-08-18,313760.0
2020-08-19,333879.0
2020-08-20,333879.0
2020-08-21,333879.0
2020-08-22,333879.0
2020-08-23,288728.0
2020-08-24,288728.0
2020-08-25,288728.0
2020-08-26,288728.0
2020-08-27,328157.0
2020-08-28,328157.0
2020-08-29,328157.0
2020-08-30,328157.0
2020-08-31,302920.0
2020-09-01,302920.0
2020-09-02,302920.0
2020-09-03,302920.0
2020-09-04,298286.0
2020-09-05,298286.0
2020-09-06,298286.0
2020-09-07,298286.0
2020-09-08,332668.0
2020-09-09,332668.0
2020-09-10,332668.0
2020-09-11,332668.0
2020-09-12,300152.0
2020-09-13,300152.0
2020-09-14,300152.0
2020-09-15,300152.0
2020-09-16,342609.0
2020-09-17,342609.0
2020-09-18,342609.0
2020-09-19,342609.0
2020-09-20,259095.0
2020-09-21,259095.0
2020-09-22,259095.0
2020-09-23,259095.0
2020-09-24,316552.0
2020-09-25,316552.0
2020-09-26,316552.0
2020-09-27,316552.0
2020-09-28,295476.0
2020-09-29,295476.0
2020-09-30,295476.0
2020-10-01,295476.0
2020-10-02,315443.0
2020-10-03,315443.0
2020-10-04,315443.0
2020-10-05,315443.0
2020-10-06,317922.0
2020-10-07,317922.0
2020-10-08,317922.0
2020-10-09,317922.0
2020-10-10,298486.0
2020-10-11,298486.0
2020-10-12,298486.0
2020-10-13,298486.0
2020-10-14,314541.0
2020-10-15,314541.0
2020-10-16,314541.0
2020-10-17,314541.0
2020-10-18,231557.0
2020-10-19,231557.0
2020-10-20,231557.0
2020-10-21,231557.0
2020-10-22,339087.0
2020-10-23,339087.0
2020-10-24,339087.0
2020-10-25,339087.0
2020-10-26,252494.0
2020-10-27,252494.0
2020-10-28,252494.0
2020-10-29,252494.0
2020-10-30,268364.0
2020-10-31,268364.0
2020-11-01,268364.0
2020-11-02,268364.0
2020-11-03,331673.0
2020-11-04,331673.0
2020-11-05,331673.0
2020-11-06,331673.0
2020-11-07,270901.0
2020-11-08,270901.0
2020-11-09,270901.0
2020-11-10,270901.0
2020-11-11,322277.0
2020-11-12,322277.0
2020-11-13,322277.0
2020-11-14,322277.0
2020-11-15,252715.0
2020-11-16,252715.0
2020-11-17,252715.0
2020-11-18,252715.0
2020-11-19,311061.0
2020-11-20,311061.0
2020-11-21,311061.0
2020-11-22,311061.0
2020-11-23,297840.0
2020-11-24,297840.0
2020-11-25,297840.0
2020-11-26,297840.0
2020-11-27,322445.0
2020-11-28,322445.0
2020-11-29,322445.0
2020-11-30,322445.0
2020-12-01,378068.0
2020-12-02,378068.0
2020-12-03,378068.0
2020-12-04,378068.0
2020-12-05,282599.0
2020-12-06,282599.0
2020-12-07,282599.0
2020-12-08,282599.0
2020-12-09,321079.0
2020-12-10,321079.0
2020-12-11,321079.0
2020-12-12,321079.0
2020-12-13,276160.0
2020-12-14,276160.0
2020-12-15,276160.0
2020-12-16,276160.0
2020-12-17,309481.0
2020-12-18,309481.0
2020-12-19,309481.0
2020-12-20,309481.0
2020-12-21,269834.0
2020-12-22,269834.0
2020-12-23,269834.0
2020-12-24,269834.0
2020-12-25,303901.0
2020-12-26,303901.0
2020-12-27,303901.0
2020-12-28,303901.0
2020-12-29,336311.0
2020-12-30,336311.0
2020-12-31,336311.0
2021-01-01,336311.0
2021-01-02,297111.0
2021-01-03,297111.0
2021-01-04,297111.0
2021-01-05,297111.0
2021-01-06,397384.0
2021-01-07,397384.0
2021-01-08,397384.0
2021-01-09,397384.0
2021-01-10,331865.0
2021-01-11,331865.0
2021-01-12,331865.0
2021-01-13,331865.0
2021-01-14,338809.0
2021-01-15,338809.0
2021-01-16,338809.0
2021-01-17,338809.0
2021-01-18,313816.0
2021-01-19,313816.0
2021-01-20,313816.0
2021-01-21,313816.0
2021-01-22,326935.0
2021-01-23,326935.0
2021-01-24,326935.0
2021-01-25,326935.0
2021-01-26,336935.0
2021-01-27,336935.0
2021-01-28,336935.0
2021-01-29,336935.0
2021-01-30,312313.0
2021-01-31,312313.0
2021-02-01,312313.0
2021-02-02,312313.0
2021-02-03,344425.0
2021-02-04,344425.0
2021-02-05,344425.0
2021-02-06,344425.0
2021-02-07,286364.0
2021-02-08,286364.0
2021-02-09,286364.0
2021-02-10,286364.0
2021-02-11,304739.0
2021-02-12,304739.0
2021-02-13,304739.0
2021-02-14,304739.0
2021-02-15,308496.0
2021-02-16,308496.0
2021-02-17,308496.0
2021-02-18,308496.0
2021-02-19,341586.0
2021-02-20,341586.0
2021-02-21,341586.0
2021-02-22,341586.0
2021-02-23,287884.0
2021-02-24,287884.0
2021-02-25,287884.0
2021-02-26,287884.0
2021-02-27,320784.0
2021-02-28,320784.0
2021-03-01,320784.0
2021-03-02,320784.0
2021-03-03,333402.0
2021-03-04,333402.0
2021-03-05,333402.0
2021-03-06,333402.0
2021-03-07,260739.0
2021-03-08,260739.0
2021-03-09,260739.0
2021-03-10,260739.0
2021-03-11,291245.0
2021-03-12,291245.0
2021-03-13,291245.0
2021-03-14,291245.0
2021-03-15,292231.0
2021-03-16,292231.0
2021-03-17,292231.0
2021-03-18,292231.0
2021-03-19,316180.0
2021-03-20,316180.0
2021-03-21,316180.0
2021-03-22,316180.0
2021-03-23,314234.0
2021-03-24,314234.0
2021-03-25,314234.0
2021-03-26,314234.0
2021-03-27,288259.0
2021-03-28,288259.0
2021-03-29,288259.0
2021-03-30,288259.0
2021-03-31,332749.0
2021-04-01,332749.0
2021-04-02,332749.0
2021-04-03,332749.0
2021-04-04,246007.0
2021-04-05,246007.0
2021-04-06,246007.0
2021-04-07,246007.0
2021-04-08,278534.0
2021-04-09,278534.0
2021-04-10,278534.0
2021-04-11,278534.0
2021-04-12,291369.0
2021-04-13,291369.0
2021-04-14,291369.0
2021-04-15,291369.0
2021-04-16,219704.0
2021-04-17,219704.0
2021-04-18,219704.0
2021-04-19,219704.0
2021-04-20,279977.0
2021-04-21,279977.0
2021-04-22,279977.0
2021-04-23,279977.0
2021-04-24,290690.0
2021-04-25,290690.0
2021-04-26,290690.0
2021-04-27,290690.0
2021-04-28,277126.0
2021-04-29,277126.0
2021-04-30,277126.0
2021-05-01,277126.0
2021-05-02,235214.0
2021-05-03,235214.0
2021-05-04,235214.0
2021-05-05,235214.0
2021-05-06,311380.0
2021-05-07,311380.0
2021-05-08,311380.0
2021-05-09,311380.0
2021-05-10,303297.0
2021-05-11,303297.0
2021-05-12,303297.0
2021-05-13,303297.0
2021-05-14,266055.0
2021-05-15,266055.0
2021-05-16,266055.0
2021-05-17,266055.0
2021-05-18,221018.0
2021-05-19,221018.0
2021-05-20,221018.0
2021-05-21,221018.0
2021-05-22,223800.0
2021-05-23,223800.0
2021-05-24,223800.0
2021-05-25,223800.0
2021-05-26,230753.0
2021-05-27,230753.0
2021-05-28,230753.0
2021-05-29,230753.0
2021-05-30,179795.0
2021-05-31,179795.0
2021-06-01,179795.0
2021-06-02,179795.0
2021-06-03,255621.0
2021-06-04,255621.0
2021-06-05,255621.0
2021-06-06,255621.0
2021-06-07,235479.0
2021-06-08,235479.0
2021-06-09,235479.0
2021-06-10,235479.0
2021-06-11,216502.0
2021-06-12,216502.0
2021-06-13,216502.0
2021-06-14,216502.0
2021-06-15,241861.0
2021-06-16,241861.0
2021-06-17,241861.0
2021-06-18,241861.0
2021-06-19,187042.0
2021-06-20,187042.0
2021-06-21,187042.0
2021-06-22,187042.0
2021-06-23,232704.0
2021-06-24,232704.0
2021-06-25,232704.0
2021-06-26,232704.0
2021-06-27,124640.0
2021-06-28,124640.0
2021-06-29,124640.0
2021-06-30,124640.0
2021-07-01,230253.0
2021-07-02,230253.0
2021-07-03,230253.0
2021-07-04,230253.0
2021-07-05,223760.0
2021-07-06,223760.0
2021-07-07,223760.0
2021-07-08,223760.0
2021-07-09,227511.0
2021-07-10,227511.0
2021-07-11,227511.0
2021-07-12,227511.0
2021-07-13,229916.0
2021-07-14,229916.0
2021-07-15,229916.0
2021-07-16,229916.0
2021-07-17,182047.0
2021-07-18,182047.0
2021-07-19,182047.0
2021-07-20,182047.0
2021-07-21,235680.0
2021-07-22,235680.0
2021-07-23,235680.0
2021-07-24,235680.0
2021-07-25,174535.0
2021-07-26,174535.0
2021-07-27,174535.0
2021-07-28,174535.0
2021-07-29,262612.0
2021-07-30,262612.0
2021-07-31,262612.0
2021-08-01,262612.0
2021-08-02,239277.0
2021-08-03,239277.0
2021-08-04,239277.0
2021-08-05,239277.0
2021-08-06,260810.0
2021-08-07,260810.0
2021-08-08,260810.0
2021-08-09,260810.0
2021-08-10,260968.0
2021-08-11,260968.0
2021-08-12,260968.0
2021-08-13,260968.0
2021-08-14,209074.0
2021-08-15,209074.0
2021-08-16,209074.0
2021-08-17,209074.0
2021-08-18,247333.0
2021-08-19,247333.0
2021-08-20,247333.0
2021-08-21,247333.0
2021-08-22,190631.0
2021-08-23,190631.0
2021-08-24,190631.0
2021-08-25,190631.0
2021-08-26,258590.0
2021-08-27,258590.0
2021-08-28,258590.0
2021-08-29,258590.0
2021-08-30,250955.0
2021-08-31,250955.0
2021-09-01,250955.0
2021-09-02,250955.0
2021-09-03,283991.0
2021-09-04,283991.0
2021-09-05,283991.0
2021-09-06,283991.0
2021-09-07,276624.0
2021-09-08,276624.0
2021-09-09,276624.0
2021-09-10,276624.0
2021-09-11,218445.0
2021-09-12,218445.0
2021-09-13,218445.0
2021-09-14,218445.0
2021-09-15,268957.0
2021-09-16,268957.0
2021-09-17,268957.0
2021-09-18,268957.0
2021-09-19,200516.0
2021-09-20,200516.0
2021-09-21,200516.0
2021-09-22,200516.0
2021-09-23,268689.0
2021-09-24,268689.0
2021-09-25,268689.0
2021-09-26,268689.0
2021-09-27,255873.0
2021-09-28,255873.0
2021-09-29,255873.0
2021-09-30,255873.0
2021-10-01,277042.0
2021-10-02,277042.0
2021-10-03,277042.0
2021-10-04,277042.0
2021-10-05,312538.0
2021-10-06,312538.0
2021-10-07,312538.0
2021-10-08,312538.0
2021-10-09,246189.0
2021-10-10,246189.0
2021-10-11,246189.0
2021-10-12,246189.0
2021-10-13,288916.0
2021-10-14,288916.0
2021-10-15,288916.0
2021-10-16,288916.0
2021-10-17,215883.0
2021-10-18,215883.0
2021-10-19,215883.0
2021-10-20,215883.0
2021-10-21,320743.0
2021-10-22,320743.0
2021-10-23,320743.0
2021-10-24,320743.0
2021-10-25,284680.0
2021-10-26,284680.0
2021-10-27,284680.0
2021-10-28,284680.0
2021-10-29,305733.0
2021-10-30,305733.0
2021-10-31,305733.0
2021-11-01,305733.0
2021-11-02,297402.0
2021-11-03,297402.0
2021-11-04,297402.0
2021-11-05,297402.0
2021-11-06,236233.0
2021-11-07,236233.0
2021-11-08,236233.0
2021-11-09,236233.0
2021-11-10,301025.0
2021-11-11,301025.0
2021-11-12,301025.0
2021-11-13,301025.0
2021-11-14,224016.0
2021-11-15,224016.0
2021-11-16,224016.0
2021-11-17,224016.0
2021-11-18,293867.0
2021-11-19,293867.0
2021-11-20,293867.0
2021-11-21,293867.0
2021-11-22,279165.0
2021-11-23,279165.0
2021-11-24,279165.0
2021-11-25,279165.0
2021-11-26,292645.0
2021-11-27,292645.0
2021-11-28,292645.0
2021-11-29,292645.0
2021-11-30,293876.0
2021-12-01,293876.0
2021-12-02,293876.0
2021-12-03,293876.0
2021-12-04,253674.0
2021-12-05,253674.0
2021-12-06,253674.0
2021-12-07,253674.0
2021-12-08,266110.0
2021-12-09,266110.0
2021-12-10,266110.0
2021-12-11,266110.0
2021-12-12,214808.0
2021-12-13,214808.0
2021-12-14,214808.0
2021-12-15,214808.0
2021-12-16,256206.0
2021-12-17,256206.0
2021-12-18,256206.0
2021-12-19,256206.0
2021-12-20,266947.0
2021-12-21,266947.0
2021-12-22,266947.0
2021-12-23,266947.0
2021-12-24,260565.0
2021-12-25,260565.0
2021-12-26,260565.0
2021-12-27,260565.0
2021-12-28,265422.0
2021-12-29,265422.0
2021-12-30,265422.0
2021-12-31,265422.0
2022-01-01,186834.0
2022-01-02,186834.0
2022-01-03,186834.0
2022-01-04,186834.0
2022-01-05,272155.0
2022-01-06,272155.0
2022-01-07,272155.0
2022-01-08,272155.0
2022-01-09,210143.0
2022-01-10,210143.0
2022-01-11,210143.0
2022-01-12,210143.0
2022-01-13,274515.0
2022-01-14,274515.0
2022-01-15,274515.0
2022-01-16,274515.0
2022-01-17,258141.0
2022-01-18,258141.0
2022-01-19,258141.0
2022-01-20,258141.0
2022-01-21,272348.0
2022-01-22,272348.0
2022-01-23,272348.0
2022-01-24,272348.0
2022-01-25,265128.0
2022-01-26,265128.0
2022-01-27,265128.0
2022-01-28,265128.0
2022-01-29,231038.0
2022-01-30,231038.0
2022-01-31,231038.0
2022-02-01,231038.0
2022-02-02,278985.0
2022-02-03,278985.0
2022-02-04,278985.0
2022-02-05,278985.0
2022-02-06,219196.0
2022-02-07,219196.0
2022-02-08,219196.0
2022-02-09,219196.0
2022-02-10,260813.0
2022-02-11,260813.0
2022-02-12,260813.0
2022-02-13,260813.0
2022-02-14,247592.0
2022-02-15,247592.0
2022-02-16,247592.0
2022-02-17,247592.0
2022-02-18,261055.0
2022-02-19,261055.0
2022-02-20,261055.0
2022-02-21,261055.0
2022-02-22,260265.0
2022-02-23,260265.0
2022-02-24,260265.0
2022-02-25,260265.0
2022-02-26,220423.0
2022-02-27,220423.0
2022-02-28,220423.0
2022-03-01,220423.0
2022-03-02,288657.0
2022-03-03,288657.0
2022-03-04,288657.0
2022-03-05,288657.0
2022-03-06,207116.0
2022-03-07,207116.0
2022-03-08,207116.0
2022-03-09,207116.0
2022-03-10,261553.0
2022-03-11,261553.0
2022-03-12,261553.0
2022-03-13,261553.0
2022-03-14,259592.0
2022-03-15,259592.0
2022-03-16,259592.0
2022-03-17,259592.0
2022-03-18,261318.0
2022-03-19,261318.0
2022-03-20,261318.0
2022-03-21,261318.0
2022-03-22,264569.0
2022-03-23,264569.0
2022-03-24,264569.0
2022-03-25,264569.0
2022-03-26,231031.0
2022-03-27,231031.0
2022-03-28,231031.0
2022-03-29,231031.0
2022-03-30,272864.0
2022-03-31,272864.0
2022-04-01,272864.0
2022-04-02,272864.0
2022-04-03,225564.0
2022-04-04,225564.0
2022-04-05,225564.0
2022-04-06,225564.0
2022-04-07,269404.0
2022-04-08,269404.0
2022-04-09,269404.0
2022-04-10,269404.0
2022-04-11,276623.0
2022-04-12,276623.0
2022-04-13,276623.0
2022-04-14,276623.0
2022-04-15,254831.0
2022-04-16,254831.0
2022-04-17,254831.0
2022-04-18,254831.0
2022-04-19,273168.0
2022-04-20,273168.0
2022-04-21,273168.0
2022-04-22,273168.0
2022-04-23,234978.0
2022-04-24,234978.0
2022-04-25,234978.0
2022-04-26,234978.0
2022-04-27,287105.0
2022-04-28,287105.0
2022-04-29,287105.0
2022-04-30,287105.0
2022-05-01,232322.0
2022-05-02,232322.0
2022-05-03,232322.0
2022-05-04,232322.0
2022-05-05,315759.0
2022-05-06,315759.0
2022-05-07,315759.0
2022-05-08,315759.0
2022-05-09,279511.0
2022-05-10,279511.0
2022-05-11,279511.0
2022-05-12,279511.0
2022-05-13,269880.0
2022-05-14,269880.0
2022-05-15,269880.0
2022-05-16,269880.0
2022-05-17,278496.0
2022-05-18,278496.0
2022-05-19,278496.0
2022-05-20,278496.0
2022-05-21,225225.0
2022-05-22,225225.0
2022-05-23,225225.0
2022-05-24,225225.0
2022-05-25,288842.0
2022-05-26,288842.0
2022-05-27,288842.0
2022-05-28,288842.0
2022-05-29,207859.0
2022-05-30,207859.0
2022-05-31,207859.0
2022-06-01,207859.0
2022-06-02,264901.0
2022-06-03,264901.0
2022-06-04,264901.0
2022-06-05,264901.0
2022-06-06,268921.0
2022-06-07,268921.0
2022-06-08,268921.0
2022-06-09,268921.0
2022-06-10,261856.0
2022-06-11,261856.0
2022-06-12,261856.0
2022-06-13,261856.0
2022-06-14,283231.0
2022-06-15,283231.0
2022-06-16,283231.0
2022-06-17,283231.0
2022-06-18,247890.0
2022-06-19,247890.0
2022-06-20,247890.0
2022-06-21,247890.0
2022-06-22,255472.0
2022-06-23,255472.0
2022-06-24,255472.0
2022-06-25,255472.0
2022-06-26,206755.0
2022-06-27,206755.0
2022-06-28,206755.0
2022-06-29,206755.0
2022-06-30,271213.0
2022-07-01,271213.0
2022-07-02,271213.0
2022-07-03,271213.0
2022-07-04,240385.0
2022-07-05,240385.0
2022-07-06,240385.0
2022-07-07,240385.0
2022-07-08,268331.0
2022-07-09,268331.0
2022-07-10,268331.0
2022-07-11,268331.0
2022-07-12,275378.0
2022-07-13,275378.0
2022-07-14,275378.0
2022-07-15,275378.0
2022-07-16,226638.0
2022-07-17,226638.0
2022-07-18,226638.0
2022-07-19,226638.0
2022-07-20,260195.0
2022-07-21,260195.0
2022-07-22,260195.0
2022-07-23,260195.0
2022-07-24,199919.0
2022-07-25,199919.0
2022-07-26,199919.0
2022-07-27,199919.0
2022-07-28,287254.0
2022-07-29,287254.0
2022-07-30,287254.0
2022-07-31,287254.0
2022-08-01,249610.0
2022-08-02,249610.0
2022-08-03,249610.0
2022-08-04,249610.0
2022-08-05,268463.0
2022-08-06,268463.0
2022-08-07,268463.0
2022-08-08,268463.0
2022-08-09,256233.0
2022-08-10,256233.0
2022-08-11,256233.0
2022-08-12,256233.0
2022-08-13,233308.0
2022-08-14,233308.0
2022-08-15,233308.0
2022-08-16,233308.0
2022-08-17,256127.0
2022-08-18,256127.0
2022-08-19,256127.0
2022-08-20,256127.0
2022-08-21,205435.0
2022-08-22,205435.0
2022-08-23,205435.0
2022-08-24,205435.0
2022-08-25,260460.0
2022-08-26,260460.0
2022-08-27,260460.0
2022-08-28,260460.0
2022-08-29,252235.0
2022-08-30,252235.0
2022-08-31,252235.0
2022-09-01,252235.0
2022-09-02,270588.0
2022-09-03,270588.0
2022-09-04,270588.0
2022-09-05,270588.0
2022-09-06,268125.0
2022-09-07,268125.0
2022-09-08,268125.0
2022-09-09,268125.0
2022-09-10,241936.0
2022-09-11,241936.0
2022-09-12,241936.0
2022-09-13,241936.0
2022-09-14,270309.0
2022-09-15,270309.0
2022-09-16,270309.0
2022-09-17,270309.0
2022-09-18,212396.0
2022-09-19,212396.0
2022-09-20,212396.0
2022-09-21,212396.0
2022-09-22,245794.0
2022-09-23,245794.0
2022-09-24,245794.0
2022-09-25,245794.0
2022-09-26,259311.0
2022-09-27,259311.0
2022-09-28,259311.0
2022-09-29,259311.0
2022-09-30,286672.0
2022-10-01,286672.0
2022-10-02,286672.0
2022-10-03,286672.0
2022-10-04,278744.0
2022-10-05,278744.0
2022-10-06,278744.0
2022-10-07,278744.0
2022-10-08,235498.0
2022-10-09,235498.0
2022-10-10,235498.0
2022-10-11,235498.0
2022-10-12,261196.0
2022-10-13,261196.0
2022-10-14,261196.0
2022-10-15,261196.0
2022-10-16,212919.0
2022-10-17,212919.0
2022-10-18,212919.0
2022-10-19,212919.0
2022-10-20,263986.0
2022-10-21,263986.0
2022-10-22,263986.0
2022-10-23,263986.0
2022-10-24,264486.0
2022-10-25,264486.0
2022-10-26,264486.0
2022-10-27,264486.0
2022-10-28,283035.0
2022-10-29,283035.0
2022-10-30,283035.0
2022-10-31,283035.0
2022-11-01,276192.0
2022-11-02,276192.0
2022-11-03,276192.0
2022-11-04,276192.0
2022-11-05,257198.0
2022-11-06,257198.0
2022-11-07,257198.0
2022-11-08,257198.0
2022-11-09,292265.0
2022-11-10,292265.0
2022-11-11,292265.0
2022-11-12,292265.0
2022-11-13,227644.0
2022-11-14,227644.0
2022-11-15,227644.0
2022-11-16,227644.0
2022-11-17,248465.0
2022-11-18,248465.0
2022-11-19,248465.0
2022-11-20,248465.0
2022-11-21,270779.0
2022-11-22,270779.0
2022-11-23,270779.0
2022-11-24,270779.0
2022-11-25,258341.0
2022-11-26,258341.0
2022-11-27,258341.0
2022-11-28,258341.0
2022-11-29,271512.0
2022-11-30,271512.0
2022-12-01,271512.0
2022-12-02,271512.0
2022-12-03,250951.0
2022-12-04,250951.0
2022-12-05,250951.0
2022-12-06,250951.0
2022-12-07,272328.0
2022-12-08,272328.0
2022-12-09,272328.0
2022-12-10,272328.0
2022-12-11,217788.0
2022-12-12,217788.0
2022-12-13,217788.0
2022-12-14,217788.0
2022-12-15,276713.0
2022-12-16,276713.0
2022-12-17,276713.0
2022-12-18,276713.0
2022-12-19,259096.0
2022-12-20,259096.0
2022-12-21,259096.0
2022-12-22,259096.0
2022-12-23,273926.0
2022-12-24,273926.0
2022-12-25,273926.0
2022-12-26,273926.0
2022-12-27,239359.0
2022-12-28,239359.0
2022-12-29,239359.0
2022-12-30,239359.0
2022-12-31,242325.0
2023-01-01,242325.0
2023-01-02,242325.0
2023-01-03,242325.0
2023-01-04,277936.0
2023-01-05,277936.0
2023-01-06,277936.0
2023-01-07,277936.0
2023-01-08,228488.0
2023-01-09,228488.0
2023-01-10,228488.0
2023-01-11,228488.0
2023-01-12,315980.0
2023-01-13,315980.0
2023-01-14,315980.0
2023-01-15,315980.0
2023-01-16,302804.0
2023-01-17,302804.0
2023-01-18,302804.0
2023-01-19,302804.0
2023-01-20,295822.0
2023-01-21,295822.0
2023-01-22,295822.0
2023-01-23,295822.0
2023-01-24,292970.0
2023-01-25,292970.0
2023-01-26,292970.0
2023-01-27,292970.0
2023-01-28,268849.0
2023-01-29,268849.0
2023-01-30,268849.0
2023-01-31,268849.0
2023-02-01,345561.0
2023-02-02,345561.0
2023-02-03,345561.0
2023-02-04,345561.0
2023-02-05,254113.0
2023-02-06,254113.0
2023-02-07,254113.0
2023-02-08,254113.0
2023-02-09,369499.0
2023-02-10,369499.0
2023-02-11,369499.0
2023-02-12,369499.0
2023-02-13,299329.0
2023-02-14,299329.0
2023-02-15,299329.0
2023-02-16,299329.0
2023-02-17,321260.0
2023-02-18,321260.0
2023-02-19,321260.0
2023-02-20,321260.0
2023-02-21,290457.0
2023-02-22,290457.0
2023-02-23,290457.0
2023-02-24,290457.0
2023-02-25,258413.0
2023-02-26,258413.0
2023-02-27,258413.0
2023-02-28,258413.0
2023-03-01,381932.0
2023-03-02,381932.0
2023-03-03,381932.0
2023-03-04,381932.0
2023-03-05,286638.0
2023-03-06,286638.0
2023-03-07,286638.0
2023-03-08,286638.0
2023-03-09,336854.0
2023-03-10,336854.0
2023-03-11,336854.0
2023-03-12,336854.0
2023-03-13,333107.0
2023-03-14,333107.0
2023-03-15,333107.0
2023-03-16,333107.0
2023-03-17,338823.0
2023-03-18,338823.0
2023-03-19,338823.0
2023-03-20,338823.0
2023-03-21,327932.0
2023-03-22,327932.0
2023-03-23,327932.0
2023-03-24,327932.0
2023-03-25,290197.0
2023-03-26,290197.0
2023-03-27,290197.0
2023-03-28,290197.0
2023-03-29,334637.0
2023-03-30,334637.0
2023-03-31,334637.0
2023-04-01,334637.0
2023-04-02,341622.0
2023-04-03,341622.0
2023-04-04,341622.0
2023-04-05,341622.0
2023-04-06,354019.0
2023-04-07,354019.0
2023-04-08,354019.0
2023-04-09,354019.0
2023-04-10,289625.0
2023-04-11,289625.0
2023-04-12,289625.0
2023-04-13,289625.0
2023-04-14,315959.0
2023-04-15,315959.0
2023-04-16,315959.0
2023-04-17,315959.0
2023-04-18,312522.0
2023-04-19,312522.0
2023-04-20,312522.0
2023-04-21,312522.0
2023-04-22,354752.0
2023-04-23,354752.0
2023-04-24,354752.0
2023-04-25,354752.0
2023-04-26,436461.0
2023-04-27,436461.0
2023-04-28,436461.0
2023-04-29,436461.0
2023-04-30,568516.0
2023-05-01,568516.0
2023-05-02,568516.0
2023-05-03,568516.0
2023-05-04,491123.0
2023-05-05,491123.0
2023-05-06,491123.0
2023-05-07,491123.0
2023-05-08,575051.0
2023-05-09,575051.0
2023-05-10,575051.0
2023-05-11,575051.0
2023-05-12,509159.0
2023-05-13,509159.0
2023-05-14,509159.0
2023-05-15,509159.0
2023-05-16,566462.0
2023-05-17,566462.0
2023-05-18,566462.0
2023-05-19,566462.0
2023-05-20,423736.0
2023-05-21,423736.0
2023-05-22,423736.0
2023-05-23,423736.0
2023-05-24,405521.0
2023-05-25,405521.0
2023-05-26,405521.0
2023-05-27,405521.0
2023-05-28,496158.0
2023-05-29,496158.0
2023-05-30,496158.0
2023-05-31,496158.0
2023-06-01,355986.0
2023-06-02,355986.0
2023-06-03,355986.0
2023-06-04,355986.0
2023-06-05,359254.0
2023-06-06,359254.0
2023-06-07,359254.0
2023-06-08,359254.0
2023-06-09,387084.0
2023-06-10,387084.0
2023-06-11,387084.0
2023-06-12,387084.0
2023-06-13,410483.0
2023-06-14,410483.0
2023-06-15,410483.0
2023-06-16,410483.0
2023-06-17,475252.0
2023-06-18,475252.0
2023-06-19,475252.0
2023-06-20,475252.0
2023-06-21,363280.0
2023-06-22,363280.0
2023-06-23,363280.0
2023-06-24,363280.0
2023-06-25,382769.0
2023-06-26,382769.0
2023-06-27,382769.0
2023-06-28,382769.0
2023-06-29,438193.0
2023-06-30,438193.0
2023-07-01,438193.0
2023-07-02,438193.0
2023-07-03,328114.0
2023-07-04,328114.0
2023-07-05,328114.0
2023-07-06,328114.0
2023-07-07,556014.0
2023-07-08,556014.0
2023-07-09,556014.0
2023-07-10,556014.0
2023-07-11,432293.0
2023-07-12,432293.0
2023-07-13,432293.0
2023-07-14,432293.0
2023-07-15,484980.0
2023-07-16,484980.0
2023-07-17,484980.0
2023-07-18,484980.0
2023-07-19,480249.0
2023-07-20,480249.0
2023-07-21,480249.0
2023-07-22,480249.0
2023-07-23,559624.0
2023-07-24,559624.0
2023-07-25,559624.0
2023-07-26,559624.0
2023-07-27,413038.0
2023-07-28,413038.0
2023-07-29,413038.0
2023-07-30,413038.0
2023-07-31,445666.0
2023-08-01,445666.0
2023-08-02,445666.0
2023-08-03,445666.0
2023-08-04,318486.0
2023-08-05,318486.0
2023-08-06,318486.0
2023-08-07,318486.0
2023-08-08,331194.0
2023-08-09,331194.0
2023-08-10,331194.0
2023-08-11,331194.0
2023-08-12,503934.0
2023-08-13,503934.0
2023-08-14,503934.0
2023-08-15,503934.0
2023-08-16,566878.0
2023-08-17,566878.0
2023-08-18,566878.0
2023-08-19,566878.0
2023-08-20,612461.0
2023-08-21,612461.0
2023-08-22,612461.0
2023-08-23,612461.0
2023-08-24,399151.0
2023-08-25,399151.0
2023-08-26,399151.0
2023-08-27,399151.0
2023-08-28,331345.0
2023-08-29,331345.0
2023-08-30,331345.0
2023-08-31,331345.0
2023-09-01,419548.0
2023-09-02,419548.0
2023-09-03,419548.0
2023-09-04,419548.0
2023-09-05,462093.0
2023-09-06,462093.0
2023-09-07,462093.0
2023-09-08,462093.0
2023-09-09,597409.0
2023-09-10,597409.0
2023-09-11,597409.0
2023-09-12,597409.0
2023-09-13,512446.0
2023-09-14,512446.0
2023-09-15,512446.0
2023-09-16,512446.0
2023-09-17,611220.0
2023-09-18,611220.0
2023-09-19,611220.0
2023-09-20,611220.0
2023-09-21,431540.0
2023-09-22,431540.0
2023-09-23,431540.0
2023-09-24,431540.0
2023-09-25,285750.0
2023-09-26,285750.0
2023-09-27,285750.0
2023-09-28,285750.0
2023-09-29,330269.0
2023-09-30,330269.0
2023-10-01,330269.0
2023-10-02,330269.0
2023-10-03,310664.0
2023-10-04,310664.0
2023-10-05,310664.0
2023-10-06,310664.0
2023-10-07,244567.0
2023-10-08,244567.0
2023-10-09,244567.0
2023-10-10,244567.0
2023-10-11,264600.0
2023-10-12,264600.0
2023-10-13,264600.0
2023-10-14,264600.0
2023-10-15,251923.0
2023-10-16,251923.0
2023-10-17,251923.0
2023-10-18,251923.0
2023-10-19,282007.0
2023-10-20,282007.0
2023-10-21,282007.0
2023-10-22,282007.0
2023-10-23,301780.0
2023-10-24,301780.0
2023-10-25,301780.0
2023-10-26,301780.0
2023-10-27,452816.0
2023-10-28,452816.0
2023-10-29,452816.0
2023-10-30,452816.0
2023-10-31,433751.0
2023-11-01,433751.0
2023-11-02,433751.0
2023-11-03,433751.0
2023-11-04,698917.0
2023-11-05,698917.0
2023-11-06,698917.0
2023-11-07,698917.0
2023-11-08,583201.0
2023-11-09,583201.0
2023-11-10,583201.0
2023-11-11,583201.0
2023-11-12,703327.0
2023-11-13,703327.0
2023-11-14,703327.0
2023-11-15,703327.0
2023-11-16,628426.0
2023-11-17,628426.0
2023-11-18,628426.0
2023-11-19,628426.0
2023-11-20,640670.0
2023-11-21,640670.0
2023-11-22,640670.0
2023-11-23,640670.0
2023-11-24,623898.0
2023-11-25,623898.0
2023-11-26,623898.0
2023-11-27,623898.0
2023-11-28,447662.0
2023-11-29,447662.0
2023-11-30,447662.0
2023-12-01,447662.0
2023-12-02,429362.0
2023-12-03,429362.0
2023-12-04,429362.0
2023-12-05,429362.0
2023-12-06,467795.0
2023-12-07,467795.0
2023-12-08,467795.0
2023-12-09,467795.0
2023-12-10,536175.0
2023-12-11,536175.0
2023-12-12,536175.0
2023-12-13,536175.0
2023-12-14,570985.0
2023-12-15,570985.0
2023-12-16,570985.0
2023-12-17,570985.0
2023-12-18,640936.0
2023-12-19,640936.0
2023-12-20,640936.0
2023-12-21,640936.0
2023-12-22,625531.0
2023-12-23,625531.0
2023-12-24,625531.0
2023-12-25,625531.0
2023-12-26,553693.0
2023-12-27,553693.0
2023-12-28,553693.0
2023-12-29,553693.0
2023-12-30,533823.0
2023-12-31,533823.0
2024-01-01,533823.0
2024-01-02,533823.0
2024-01-03,502749.0
2024-01-04,502749.0
2024-01-05,502749.0
2024-01-06,502749.0
2024-01-07,348688.0
2024-01-08,348688.0
2024-01-09,348688.0
2024-01-10,348688.0
2024-01-11,449075.0
2024-01-12,449075.0
2024-01-13,449075.0
2024-01-14,449075.0
2024-01-15,408499.0
2024-01-16,408499.0
2024-01-17,408499.0
2024-01-18,408499.0
2024-01-19,460763.0
2024-01-20,460763.0
2024-01-21,460763.0
2024-01-22,460763.0
2024-01-23,368462.0
2024-01-24,368462.0
2024-01-25,368462.0
2024-01-26,368462.0
2024-01-27,597446.0
2024-01-28,597446.0
2024-01-29,597446.0
2024-01-30,597446.0
2024-01-31,444450.0
2024-02-01,444450.0
2024-02-02,444450.0
2024-02-03,444450.0
2024-02-04,336211.0
2024-02-05,336211.0
2024-02-06,336211.0
2024-02-07,336211.0
2024-02-08,285101.0
2024-02-09,285101.0
2024-02-10,285101.0
2024-02-11,285101.0
2024-02-12,409911.0
2024-02-13,409911.0
2024-02-14,409911.0
2024-02-15,409911.0
2024-02-16,312782.0
2024-02-17,312782.0
2024-02-18,312782.0
2024-02-19,312782.0
2024-02-20,397096.0
2024-02-21,397096.0
2024-02-22,397096.0
2024-02-23,397096.0
2024-02-24,340419.0
2024-02-25,340419.0
2024-02-26,340419.0
2024-02-27,340419.0
2024-02-28,413800.0
2024-02-29,413800.0
2024-03-01,413800.0
2024-03-02,413800.0
2024-03-03,385447.0
2024-03-04,385447.0
2024-03-05,385447.0
2024-03-06,385447.0
2024-03-07,436344.0
2024-03-08,436344.0
2024-03-09,436344.0
2024-03-10,436344.0
2024-03-11,394098.0
2024-03-12,394098.0
2024-03-13,394098.0
2024-03-14,394098.0
2024-03-15,307904.0
2024-03-16,307904.0
2024-03-17,307904.0
2024-03-18,307904.0
2024-03-19,463952.0
2024-03-20,463952.0
2024-03-21,463952.0
2024-03-22,463952.0
2024-03-23,326610.0
2024-03-24,326610.0
2024-03-25,326610.0
2024-03-26,326610.0
2024-03-27,355902.0
2024-03-28,355902.0
2024-03-29,355902.0
2024-03-30,355902.0
2024-03-31,319675.0
2024-04-01,319675.0
2024-04-02,319675.0
2024-04-03,319675.0
2024-04-04,320607.0
2024-04-05,320607.0
2024-04-06,320607.0
2024-04-07,320607.0
2024-04-08,455617.0
2024-04-09,455617.0
2024-04-10,455617.0
2024-04-11,455617.0
2024-04-12,448489.0
2024-04-13,448489.0
2024-04-14,448489.0
2024-04-15,448489.0
2024-04-16,454669.0
2024-04-17,454669.0
2024-04-18,454669.0
2024-04-19,454669.0
2024-04-20,631001.0
2024-04-21,631001.0
2024-04-22,631001.0
2024-04-23,631001.0
2024-04-24,606713.0
2024-04-25,606713.0
2024-04-26,606713.0
2024-04-27,606713.0
2024-04-28,487521.0
2024-04-29,487521.0
2024-04-30,487521.0
2024-05-01,487521.0
2024-05-02,559839.0
2024-05-03,559839.0
2024-05-04,559839.0
2024-05-05,559839.0
2024-05-06,519817.0
2024-05-07,519817.0
2024-05-08,519817.0
2024-05-09,519817.0
2024-05-10,713791.0
2024-05-11,713791.0
2024-05-12,713791.0
2024-05-13,713791.0
2024-05-14,422043.0
2024-05-15,422043.0
2024-05-16,422043.0
2024-05-17,422043.0
2024-05-18,401264.0
2024-05-19,401264.0
2024-05-20,401264.0
2024-05-21,401264.0
2024-05-22,583279.0
2024-05-23,583279.0
2024-05-24,583279.0
2024-05-25,583279.0
2024-05-26,852655.0
2024-05-27,852655.0
2024-05-28,852655.0
2024-05-29,852655.0
2024-05-30,510417.0
2024-05-31,510417.0
2024-06-01,510417.0
2024-06-02,510417.0
2024-06-03,769224.0
2024-06-04,769224.0
2024-06-05,769224.0
2024-06-06,769224.0
2024-06-07,263982.0
2024-06-08,263982.0
2024-06-09,263982.0
2024-06-10,263982.0
2024-06-11,463737.0
2024-06-12,463737.0
2024-06-13,463737.0
2024-06-14,463737.0
2024-06-15,452945.0
2024-06-16,452945.0
2024-06-17,452945.0
2024-06-18,452945.0
2024-06-19,634554.0
2024-06-20,634554.0
2024-06-21,634554.0
2024-06-22,634554.0
2024-06-23,492352.0
2024-06-24,492352.0
2024-06-25,492352.0
2024-06-26,492352.0
2024-06-27,414624.0
2024-06-28,414624.0
2024-06-29,414624.0
2024-06-30,414624.0
2024-07-01,611062.0
2024-07-02,611062.0
2024-07-03,611062.0
2024-07-04,611062.0
2024-07-05,490537.0
2024-07-06,490537.0
2024-07-07,490537.0
2024-07-08,490537.0
2024-07-09,654037.0
2024-07-10,654037.0
2024-07-11,654037.0
2024-07-12,654037.0
2024-07-13,735686.0
2024-07-14,735686.0
2024-07-15,735686.0
2024-07-16,735686.0
2024-07-17,615870.0
2024-07-18,615870.0
2024-07-19,615870.0
2024-07-20,615870.0
2024-07-21,859629.0
2024-07-22,859629.0
2024-07-23,859629.0
2024-07-24,859629.0
2024-07-25,719711.0
2024-07-26,719711.0
2024-07-27,719711.0
2024-07-28,719711.0
2024-07-29,826129.0
2024-07-30,826129.0
2024-07-31,826129.0
2024-08-01,826129.0
2024-08-02,410113.0
2024-08-03,410113.0
2024-08-04,410113.0
2024-08-05,410113.0
2024-08-06,485173.0
2024-08-07,485173.0
2024-08-08,485173.0
2024-08-09,485173.0
2024-08-10,548777.0
2024-08-11,548777.0
2024-08-12,548777.0
2024-08-13,548777.0
2024-08-14,504701.0
2024-08-15,504701.0
2024-08-16,504701.0
2024-08-17,504701.0
2024-08-18,769702.0
2024-08-19,769702.0
2024-08-20,769702.0
2024-08-21,769702.0
2024-08-22,795102.0
2024-08-23,795102.0
2024-08-24,795102.0
2024-08-25,795102.0
2024-08-26,600722.0
2024-08-27,600722.0
2024-08-28,600722.0
2024-08-29,600722.0
2024-08-30,542101.0
2024-08-31,542101.0
2024-09-01,542101.0
2024-09-02,542101.0
2024-09-03,582751.0
2024-09-04,582751.0
2024-09-05,582751.0
2024-09-06,582751.0
2024-09-07,781426.0
2024-09-08,781426.0
2024-09-09,781426.0
2024-09-10,781426.0
2024-09-11,411402.0
2024-09-12,411402.0
2024-09-13,411402.0
2024-09-14,411402.0
2024-09-15,712474.0
2024-09-16,712474.0
2024-09-17,712474.0
2024-09-18,712474.0
2024-09-19,455707.0
2024-09-20,455707.0
2024-09-21,455707.0
2024-09-22,455707.0
2024-09-23,580102.0
2024-09-24,580102.0
2024-09-25,580102.0
2024-09-26,580102.0
2024-09-27,451723.0
2024-09-28,451723.0
2024-09-29,451723.0
2024-09-30,451723.0
2024-10-01,632894.0
2024-10-02,632894.0
2024-10-03,632894.0
2024-10-04,632894.0
2024-10-05,757575.0
2024-10-06,757575.0
2024-10-07,757575.0
2024-10-08,757575.0
2024-10-09,536887.0
2024-10-10,536887.0
2024-10-11,536887.0
2024-10-12,536887.0
2024-10-13,648739.0
2024-10-14,648739.0
2024-10-15,648739.0
2024-10-16,648739.0
2024-10-17,653027.0
2024-10-18,653027.0
2024-10-19,653027.0
2024-10-20,653027.0
2024-10-21,835011.0
2024-10-22,835011.0
2024-10-23,835011.0
2024-10-24,835011.0
2024-10-25,524014.0
2024-10-26,524014.0
2024-10-27,524014.0
2024-10-28,524014.0
2024-10-29,614981.0
2024-10-30,614981.0
2024-10-31,614981.0
2024-11-01,614981.0
2024-11-02,544612.0
2024-11-03,544612.0
2024-11-04,544612.0
2024-11-05,544612.0
2024-11-06,501641.0
2024-11-07,501641.0
2024-11-08,501641.0
2024-11-09,501641.0
2024-11-10,558278.0
2024-11-11,558278.0
2024-11-12,558278.0
2024-11-13,558278.0
2024-11-14,503566.0
2024-11-15,503566.0
2024-11-16,503566.0
2024-11-17,503566.0
2024-11-18,673308.0
2024-11-19,673308.0
2024-11-20,673308.0
2024-11-21,673308.0
2024-11-22,540305.0
2024-11-23,540305.0
2024-11-24,540305.0
2024-11-25,540305.0
2024-11-26,475689.0
2024-11-27,475689.0
2024-11-28,475689.0
2024-11-29,475689.0
2024-11-30,640943.0
2024-12-01,640943.0
2024-12-02,640943.0
2024-12-03,640943.0
2024-12-04,502912.0
2024-12-05,502912.0
2024-12-06,502912.0
2024-12-07,502912.0
2024-12-08,420320.0
2024-12-09,420320.0
2024-12-10,420320.0
2024-12-11,420320.0
2024-12-12,474978.0
2024-12-13,474978.0
2024-12-14,474978.0
2024-12-15,474978.0
2024-12-16,412747.0
2024-12-17,412747.0
2024-12-18,412747.0
2024-12-19,412747.0
2024-12-20,398670.0
2024-12-21,398670.0
2024-12-22,398670.0
2024-12-23,398670.0
2024-12-24,326570.0
2024-12-25,326570.0
2024-12-26,326570.0
2024-12-27,326570.0
2024-12-28,298580.0
2024-12-29,298580.0
2024-12-30,298580.0
2024-12-31,298580.0
2025-01-01,292213.0
2025-01-02,292213.0
2025-01-03,292213.0
2025-01-04,292213.0
2025-01-05,433954.0
2025-01-06,433954.0
2025-01-07,433954.0
2025-01-08,433954.0
2025-01-09,534013.0
2025-01-10,534013.0
2025-01-11,534013.0
2025-01-12,534013.0
2025-01-13,408248.0
2025-01-14,408248.0
2025-01-15,408248.0
2025-01-16,408248.0
2025-01-17,425661.0
2025-01-18,425661.0
2025-01-19,425661.0
2025-01-20,425661.0
2025-01-21,324412.0
2025-01-22,324412.0
2025-01-23,324412.0
2025-01-24,324412.0
2025-01-25,338988.0
2025-01-26,338988.0
2025-01-27,338988.0
2025-01-28,338988.0
2025-01-29,355332.0
2025-01-30,355332.0
2025-01-31,355332.0
2025-02-01,355332.0
2025-02-02,383258.0
2025-02-03,383258.0
2025-02-04,383258.0
2025-02-05,383258.0
2025-02-06,428326.0
2025-02-07,428326.0
2025-02-08,428326.0
2025-02-09,428326.0
2025-02-10,359522.0
2025-02-11,359522.0
2025-02-12,359522.0
2025-02-13,359522.0
2025-02-14,346002.0
2025-02-15,346002.0
2025-02-16,346002.0
2025-02-17,346002.0
2025-02-18,422709.0
2025-02-19,422709.0
2025-02-20,422709.0
2025-02-21,422709.0
2025-02-22,551849.0
2025-02-23,551849.0
2025-02-24,551849.0
2025-02-25,551849.0
2025-02-26,403575.0
2025-02-27,403575.0
2025-02-28,403575.0
2025-03-01,403575.0
2025-03-02,264912.0
2025-03-03,264912.0
2025-03-04,264912.0
2025-03-05,264912.0
2025-03-06,370349.0
2025-03-07,370349.0
2025-03-08,370349.0
2025-03-09,370349.0
2025-03-10,446224.0
2025-03-11,446224.0
2025-03-12,446224.0
2025-03-13,446224.0
2025-03-14,439189.0
2025-03-15,439189.0
2025-03-16,439189.0
2025-03-17,439189.0
2025-03-18,369237.0
2025-03-19,369237.0
2025-03-20,369237.0
2025-03-21,369237.0
2025-03-22,413839.0
2025-03-23,413839.0
2025-03-24,413839.0
2025-03-25,413839.0
2025-03-26,515068.0
2025-03-27,515068.0
2025-03-28,515068.0
2025-03-29,515068.0
2025-03-30,305206.0
2025-03-31,305206.0
2025-04-01,305206.0
2025-04-02,305206.0
2025-04-03,392043.0
2025-04-04,392043.0
2025-04-05,392043.0
2025-04-06,392043.0
2025-04-07,309387.0
2025-04-08,309387.0
2025-04-09,309387.0
2025-04-10,309387.0
2025-04-11,405030.0
2025-04-12,405030.0
2025-04-13,405030.0
2025-04-14,405030.0
2025-04-15,442899.0
2025-04-16,442899.0
2025-04-17,442899.0
2025-04-18,442899.0
2025-04-19,545076.0
2025-04-20,545076.0
2025-04-21,545076.0
2025-04-22,545076.0
2025-04-23,418203.0
2025-04-24,418203.0
2025-04-25,418203.0
2025-04-26,418203.0
2025-04-27,441827.0
2025-04-28,441827.0
2025-04-29,441827.0
