Time,block_size
2020-01-02,0.79468355952381
2020-01-03,0.79468355952381
2020-01-04,0.79468355952381
2020-01-05,0.79468355952381
2020-01-06,0.79468355952381
2020-01-07,0.79468355952381
2020-01-08,1.0634908943662
2020-01-09,1.0634908943662
2020-01-10,1.0634908943662
2020-01-11,1.0634908943662
2020-01-12,0.825020880794702
2020-01-13,0.825020880794702
2020-01-14,0.825020880794702
2020-01-15,0.825020880794702
2020-01-16,0.983502176100629
2020-01-17,0.983502176100629
2020-01-18,0.983502176100629
2020-01-19,0.983502176100629
2020-01-20,0.991580940789473
2020-01-21,0.991580940789473
2020-01-22,0.991580940789473
2020-01-23,0.991580940789473
2020-01-24,1.03286961184211
2020-01-25,1.03286961184211
2020-01-26,1.03286961184211
2020-01-27,1.03286961184211
2020-01-28,1.2047869084507
2020-01-29,1.2047869084507
2020-01-30,1.2047869084507
2020-01-31,1.2047869084507
2020-02-01,0.962483086092715
2020-02-02,0.962483086092715
2020-02-03,0.962483086092715
2020-02-04,0.962483086092715
2020-02-05,1.08475906289308
2020-02-06,1.08475906289308
2020-02-07,1.08475906289308
2020-02-08,1.08475906289308
2020-02-09,0.951914071895424
2020-02-10,0.951914071895424
2020-02-11,0.951914071895424
2020-02-12,0.951914071895424
2020-02-13,1.22948190070922
2020-02-14,1.22948190070922
2020-02-15,1.22948190070922
2020-02-16,1.22948190070922
2020-02-17,1.02471081528662
2020-02-18,1.02471081528662
2020-02-19,1.02471081528662
2020-02-20,1.02471081528662
2020-02-21,1.0670976038961
2020-02-22,1.0670976038961
2020-02-23,1.0670976038961
2020-02-24,1.0670976038961
2020-02-25,1.06456358333333
2020-02-26,1.06456358333333
2020-02-27,1.06456358333333
2020-02-28,1.06456358333333
2020-02-29,0.989318215827338
2020-03-01,0.989318215827338
2020-03-02,0.989318215827338
2020-03-03,0.989318215827338
2020-03-04,1.22606610179641
2020-03-05,1.22606610179641
2020-03-06,1.22606610179641
2020-03-07,1.22606610179641
2020-03-08,0.86939667721519
2020-03-09,0.86939667721519
2020-03-10,0.86939667721519
2020-03-11,0.86939667721519
2020-03-12,1.23511670198676
2020-03-13,1.23511670198676
2020-03-14,1.23511670198676
2020-03-15,1.23511670198676
2020-03-16,1.19345300840336
2020-03-17,1.19345300840336
2020-03-18,1.19345300840336
2020-03-19,1.19345300840336
2020-03-20,1.2644780733945
2020-03-21,1.2644780733945
2020-03-22,1.2644780733945
2020-03-23,1.2644780733945
2020-03-24,1.17028861363636
2020-03-25,1.17028861363636
2020-03-26,1.17028861363636
2020-03-27,1.17028861363636
2020-03-28,0.910426518518518
2020-03-29,0.910426518518518
2020-03-30,0.910426518518518
2020-03-31,0.910426518518518
2020-04-01,1.11369449019608
2020-04-02,1.11369449019608
2020-04-03,1.11369449019608
2020-04-04,1.11369449019608
2020-04-05,0.769681285714286
2020-04-06,0.769681285714286
2020-04-07,0.769681285714286
2020-04-08,0.769681285714286
2020-04-09,1.06938335714286
2020-04-10,1.06938335714286
2020-04-11,1.06938335714286
2020-04-12,1.06938335714286
2020-04-13,0.92931029239766
2020-04-14,0.92931029239766
2020-04-15,0.92931029239766
2020-04-16,0.92931029239766
2020-04-17,1.28623061417323
2020-04-18,1.28623061417323
2020-04-19,1.28623061417323
2020-04-20,1.28623061417323
2020-04-21,1.06824913422819
2020-04-22,1.06824913422819
2020-04-23,1.06824913422819
2020-04-24,1.06824913422819
2020-04-25,1.23961248529412
2020-04-26,1.23961248529412
2020-04-27,1.23961248529412
2020-04-28,1.23961248529412
2020-04-29,1.19593875172414
2020-04-30,1.19593875172414
2020-05-01,1.19593875172414
2020-05-02,1.19593875172414
2020-05-03,1.19645580952381
2020-05-04,1.19645580952381
2020-05-05,1.19645580952381
2020-05-06,1.19645580952381
2020-05-07,1.31399202040816
2020-05-08,1.31399202040816
2020-05-09,1.31399202040816
2020-05-10,1.31399202040816
2020-05-11,1.28364698089172
2020-05-12,1.28364698089172
2020-05-13,1.28364698089172
2020-05-14,1.28364698089172
2020-05-15,1.272443528
2020-05-16,1.272443528
2020-05-17,1.272443528
2020-05-18,1.272443528
2020-05-19,1.33328306086957
2020-05-20,1.33328306086957
2020-05-21,1.33328306086957
2020-05-22,1.33328306086957
2020-05-23,1.27885055462185
2020-05-24,1.27885055462185
2020-05-25,1.27885055462185
2020-05-26,1.27885055462185
2020-05-27,1.34352728985507
2020-05-28,1.34352728985507
2020-05-29,1.34352728985507
2020-05-30,1.34352728985507
2020-05-31,1.05190532
2020-06-01,1.05190532
2020-06-02,1.05190532
2020-06-03,1.05190532
2020-06-04,1.23647156291391
2020-06-05,1.23647156291391
2020-06-06,1.23647156291391
2020-06-07,1.23647156291391
2020-06-08,1.15165127777778
2020-06-09,1.15165127777778
2020-06-10,1.15165127777778
2020-06-11,1.15165127777778
2020-06-12,1.3554732208589
2020-06-13,1.3554732208589
2020-06-14,1.3554732208589
2020-06-15,1.3554732208589
2020-06-16,1.22310094
2020-06-17,1.22310094
2020-06-18,1.22310094
2020-06-19,1.22310094
2020-06-20,1.10747741605839
2020-06-21,1.10747741605839
2020-06-22,1.10747741605839
2020-06-23,1.10747741605839
2020-06-24,1.28815984892086
2020-06-25,1.28815984892086
2020-06-26,1.28815984892086
2020-06-27,1.28815984892086
2020-06-28,0.9017818
2020-06-29,0.9017818
2020-06-30,0.9017818
2020-07-01,0.9017818
2020-07-02,1.13343739634146
2020-07-03,1.13343739634146
2020-07-04,1.13343739634146
2020-07-05,1.13343739634146
2020-07-06,1.2276441038961
2020-07-07,1.2276441038961
2020-07-08,1.2276441038961
2020-07-09,1.2276441038961
2020-07-10,1.20817402484472
2020-07-11,1.20817402484472
2020-07-12,1.20817402484472
2020-07-13,1.20817402484472
2020-07-14,1.2590924375
2020-07-15,1.2590924375
2020-07-16,1.2590924375
2020-07-17,1.2590924375
2020-07-18,1.27620218461538
2020-07-19,1.27620218461538
2020-07-20,1.27620218461538
2020-07-21,1.27620218461538
2020-07-22,1.26073863194444
2020-07-23,1.26073863194444
2020-07-24,1.26073863194444
2020-07-25,1.26073863194444
2020-07-26,1.34358736075949
2020-07-27,1.34358736075949
2020-07-28,1.34358736075949
2020-07-29,1.34358736075949
2020-07-30,1.28713702222222
2020-07-31,1.28713702222222
2020-08-01,1.28713702222222
2020-08-02,1.28713702222222
2020-08-03,1.32687536419753
2020-08-04,1.32687536419753
2020-08-05,1.32687536419753
2020-08-06,1.32687536419753
2020-08-07,1.30196069078947
2020-08-08,1.30196069078947
2020-08-09,1.30196069078947
2020-08-10,1.30196069078947
2020-08-11,1.28512614285714
2020-08-12,1.28512614285714
2020-08-13,1.28512614285714
2020-08-14,1.28512614285714
2020-08-15,1.22985610897436
2020-08-16,1.22985610897436
2020-08-17,1.22985610897436
2020-08-18,1.22985610897436
2020-08-19,1.2940598550724636
2020-08-20,1.2940598550724636
2020-08-21,1.2940598550724636
2020-08-22,1.2940598550724636
2020-08-23,1.2518789681528668
2020-08-24,1.2518789681528668
2020-08-25,1.2518789681528668
2020-08-26,1.2518789681528668
2020-08-27,1.2688263100775197
2020-08-28,1.2688263100775197
2020-08-29,1.2688263100775197
2020-08-30,1.2688263100775197
2020-08-31,1.1713169333333333
2020-09-01,1.1713169333333333
2020-09-02,1.1713169333333333
2020-09-03,1.1713169333333333
2020-09-04,1.3000090814814818
2020-09-05,1.3000090814814818
2020-09-06,1.3000090814814818
2020-09-07,1.3000090814814818
2020-09-08,1.2494731741935483
2020-09-09,1.2494731741935483
2020-09-10,1.2494731741935483
2020-09-11,1.2494731741935483
2020-09-12,1.0605390705882354
2020-09-13,1.0605390705882354
2020-09-14,1.0605390705882354
2020-09-15,1.0605390705882354
2020-09-16,1.3091397677419347
2020-09-17,1.3091397677419347
2020-09-18,1.3091397677419347
2020-09-19,1.3091397677419347
2020-09-20,1.0939701056338027
2020-09-21,1.0939701056338027
2020-09-22,1.0939701056338027
2020-09-23,1.0939701056338027
2020-09-24,1.2583973065693423
2020-09-25,1.2583973065693423
2020-09-26,1.2583973065693423
2020-09-27,1.2583973065693423
2020-09-28,1.244179666666667
2020-09-29,1.244179666666667
2020-09-30,1.244179666666667
2020-10-01,1.244179666666667
2020-10-02,1.2911459632352948
2020-10-03,1.2911459632352948
2020-10-04,1.2911459632352948
2020-10-05,1.2911459632352948
2020-10-06,1.3007073846153847
2020-10-07,1.3007073846153847
2020-10-08,1.3007073846153847
2020-10-09,1.3007073846153847
2020-10-10,1.2981888391608394
2020-10-11,1.2981888391608394
2020-10-12,1.2981888391608394
2020-10-13,1.2981888391608394
2020-10-14,1.1364574765100672
2020-10-15,1.1364574765100672
2020-10-16,1.1364574765100672
2020-10-17,1.1364574765100672
2020-10-18,1.0830295916666666
2020-10-19,1.0830295916666666
2020-10-20,1.0830295916666666
2020-10-21,1.0830295916666666
2020-10-22,1.2839324233576632
2020-10-23,1.2839324233576632
2020-10-24,1.2839324233576632
2020-10-25,1.2839324233576632
2020-10-26,1.3404524545454544
2020-10-27,1.3404524545454544
2020-10-28,1.3404524545454544
2020-10-29,1.3404524545454544
2020-10-30,1.2940942792792796
2020-10-31,1.2940942792792796
2020-11-01,1.2940942792792796
2020-11-02,1.2940942792792796
2020-11-03,1.2825633857142864
2020-11-04,1.2825633857142864
2020-11-05,1.2825633857142864
2020-11-06,1.2825633857142864
2020-11-07,1.3592373630136991
2020-11-08,1.3592373630136991
2020-11-09,1.3592373630136991
2020-11-10,1.3592373630136991
2020-11-11,1.2971731700680273
2020-11-12,1.2971731700680273
2020-11-13,1.2971731700680273
2020-11-14,1.2971731700680273
2020-11-15,1.2052265199999999
2020-11-16,1.2052265199999999
2020-11-17,1.2052265199999999
2020-11-18,1.2052265199999999
2020-11-19,1.3300628175182485
2020-11-20,1.3300628175182485
2020-11-21,1.3300628175182485
2020-11-22,1.3300628175182485
2020-11-23,1.2294749115646255
2020-11-24,1.2294749115646255
2020-11-25,1.2294749115646255
2020-11-26,1.2294749115646255
2020-11-27,1.2851594480519473
2020-11-28,1.2851594480519473
2020-11-29,1.2851594480519473
2020-11-30,1.2851594480519473
2020-12-01,1.2771752828947374
2020-12-02,1.2771752828947374
2020-12-03,1.2771752828947374
2020-12-04,1.2771752828947374
2020-12-05,1.3423031666666674
2020-12-06,1.3423031666666674
2020-12-07,1.3423031666666674
2020-12-08,1.3423031666666674
2020-12-09,1.2758179136690648
2020-12-10,1.2758179136690648
2020-12-11,1.2758179136690648
2020-12-12,1.2758179136690648
2020-12-13,1.174223993589744
2020-12-14,1.174223993589744
2020-12-15,1.174223993589744
2020-12-16,1.174223993589744
2020-12-17,1.2999028449612409
2020-12-18,1.2999028449612409
2020-12-19,1.2999028449612409
2020-12-20,1.2999028449612409
2020-12-21,1.3453685
2020-12-22,1.3453685
2020-12-23,1.3453685
2020-12-24,1.3453685
2020-12-25,1.2858441805555554
2020-12-26,1.2858441805555554
2020-12-27,1.2858441805555554
2020-12-28,1.2858441805555554
2020-12-29,1.2766434473684216
2020-12-30,1.2766434473684216
2020-12-31,1.2766434473684216
2021-01-01,1.2766434473684216
2021-01-02,1.3956372450331127
2021-01-03,1.3956372450331127
2021-01-04,1.3956372450331127
2021-01-05,1.3956372450331127
2021-01-06,1.2936679209039559
2021-01-07,1.2936679209039559
2021-01-08,1.2936679209039559
2021-01-09,1.2936679209039559
2021-01-10,1.282691371069182
2021-01-11,1.282691371069182
2021-01-12,1.282691371069182
2021-01-13,1.282691371069182
2021-01-14,1.2964830204081637
2021-01-15,1.2964830204081637
2021-01-16,1.2964830204081637
2021-01-17,1.2964830204081637
2021-01-18,1.3425268551724134
2021-01-19,1.3425268551724134
2021-01-20,1.3425268551724134
2021-01-21,1.3425268551724134
2021-01-22,1.283418816901409
2021-01-23,1.283418816901409
2021-01-24,1.283418816901409
2021-01-25,1.283418816901409
2021-01-26,1.360394142857143
2021-01-27,1.360394142857143
2021-01-28,1.360394142857143
2021-01-29,1.360394142857143
2021-01-30,1.3017438382352942
2021-01-31,1.3017438382352942
2021-02-01,1.3017438382352942
2021-02-02,1.3017438382352942
2021-02-03,1.301816320000001
2021-02-04,1.301816320000001
2021-02-05,1.301816320000001
2021-02-06,1.301816320000001
2021-02-07,1.3935527884615386
2021-02-08,1.3935527884615386
2021-02-09,1.3935527884615386
2021-02-10,1.3935527884615386
2021-02-11,1.2711824186046514
2021-02-12,1.2711824186046514
2021-02-13,1.2711824186046514
2021-02-14,1.2711824186046514
2021-02-15,1.3219647549668876
2021-02-16,1.3219647549668876
2021-02-17,1.3219647549668876
2021-02-18,1.3219647549668876
2021-02-19,1.328641823529411
2021-02-20,1.328641823529411
2021-02-21,1.328641823529411
2021-02-22,1.328641823529411
2021-02-23,1.298336511811023
2021-02-24,1.298336511811023
2021-02-25,1.298336511811023
2021-02-26,1.298336511811023
2021-02-27,1.2918701656050957
2021-02-28,1.2918701656050957
2021-03-01,1.2918701656050957
2021-03-02,1.2918701656050957
2021-03-03,1.301007401315789
2021-03-04,1.301007401315789
2021-03-05,1.301007401315789
2021-03-06,1.301007401315789
2021-03-07,1.3697756849315073
2021-03-08,1.3697756849315073
2021-03-09,1.3697756849315073
2021-03-10,1.3697756849315073
2021-03-11,1.2848289015151508
2021-03-12,1.2848289015151508
2021-03-13,1.2848289015151508
2021-03-14,1.2848289015151508
2021-03-15,1.3563101891891882
2021-03-16,1.3563101891891882
2021-03-17,1.3563101891891882
2021-03-18,1.3563101891891882
2021-03-19,1.3230333175675675
2021-03-20,1.3230333175675675
2021-03-21,1.3230333175675675
2021-03-22,1.3230333175675675
2021-03-23,1.3523681428571432
2021-03-24,1.3523681428571432
2021-03-25,1.3523681428571432
2021-03-26,1.3523681428571432
2021-03-27,1.2981473333333333
2021-03-28,1.2981473333333333
2021-03-29,1.2981473333333333
2021-03-30,1.2981473333333333
2021-03-31,1.3453399490445856
2021-04-01,1.3453399490445856
2021-04-02,1.3453399490445856
2021-04-03,1.3453399490445856
2021-04-04,1.3700521849315066
2021-04-05,1.3700521849315066
2021-04-06,1.3700521849315066
2021-04-07,1.3700521849315066
2021-04-08,1.3142138507462682
2021-04-09,1.3142138507462682
2021-04-10,1.3142138507462682
2021-04-11,1.3142138507462682
2021-04-12,1.3456407430555561
2021-04-13,1.3456407430555561
2021-04-14,1.3456407430555561
2021-04-15,1.3456407430555561
2021-04-16,1.3172985533980583
2021-04-17,1.3172985533980583
2021-04-18,1.3172985533980583
2021-04-19,1.3172985533980583
2021-04-20,1.3298666718750003
2021-04-21,1.3298666718750003
2021-04-22,1.3298666718750003
2021-04-23,1.3298666718750003
2021-04-24,1.3262256896551727
2021-04-25,1.3262256896551727
2021-04-26,1.3262256896551727
2021-04-27,1.3262256896551727
2021-04-28,1.3116247676056327
2021-04-29,1.3116247676056327
2021-04-30,1.3116247676056327
2021-05-01,1.3116247676056327
2021-05-02,1.407752259459459
2021-05-03,1.407752259459459
2021-05-04,1.407752259459459
2021-05-05,1.407752259459459
2021-05-06,1.3617653764705882
2021-05-07,1.3617653764705882
2021-05-08,1.3617653764705882
2021-05-09,1.3617653764705882
2021-05-10,1.3744467444444441
2021-05-11,1.3744467444444441
2021-05-12,1.3744467444444441
2021-05-13,1.3744467444444441
2021-05-14,1.3155430373134331
2021-05-15,1.3155430373134331
2021-05-16,1.3155430373134331
2021-05-17,1.3155430373134331
2021-05-18,1.3321869600000005
2021-05-19,1.3321869600000005
2021-05-20,1.3321869600000005
2021-05-21,1.3321869600000005
2021-05-22,1.2895503362068967
2021-05-23,1.2895503362068967
2021-05-24,1.2895503362068967
2021-05-25,1.2895503362068967
2021-05-26,1.3001551639344262
2021-05-27,1.3001551639344262
2021-05-28,1.3001551639344262
2021-05-29,1.3001551639344262
2021-05-30,1.4991831736111114
2021-05-31,1.4991831736111114
2021-06-01,1.4991831736111114
2021-06-02,1.4991831736111114
2021-06-03,1.2936538027210884
2021-06-04,1.2936538027210884
2021-06-05,1.2936538027210884
2021-06-06,1.2936538027210884
2021-06-07,1.2507247218045112
2021-06-08,1.2507247218045112
2021-06-09,1.2507247218045112
2021-06-10,1.2507247218045112
2021-06-11,1.401894276190477
2021-06-12,1.401894276190477
2021-06-13,1.401894276190477
2021-06-14,1.401894276190477
2021-06-15,1.294162251908396
2021-06-16,1.294162251908396
2021-06-17,1.294162251908396
2021-06-18,1.294162251908396
2021-06-19,1.1876399029126212
2021-06-20,1.1876399029126212
2021-06-21,1.1876399029126212
2021-06-22,1.1876399029126212
2021-06-23,1.3926188613861386
2021-06-24,1.3926188613861386
2021-06-25,1.3926188613861386
2021-06-26,1.3926188613861386
2021-06-27,1.4248974915254242
2021-06-28,1.4248974915254242
2021-06-29,1.4248974915254242
2021-06-30,1.4248974915254242
2021-07-01,1.392820968421053
2021-07-02,1.392820968421053
2021-07-03,1.392820968421053
2021-07-04,1.392820968421053
2021-07-05,1.3275864469696965
2021-07-06,1.3275864469696965
2021-07-07,1.3275864469696965
2021-07-08,1.3275864469696965
2021-07-09,1.2597139847328243
2021-07-10,1.2597139847328243
2021-07-11,1.2597139847328243
2021-07-12,1.2597139847328243
2021-07-13,1.159622036764706
2021-07-14,1.159622036764706
2021-07-15,1.159622036764706
2021-07-16,1.159622036764706
2021-07-17,0.7849456643356646
2021-07-18,0.7849456643356646
2021-07-19,0.7849456643356646
2021-07-20,0.7849456643356646
2021-07-21,1.0920549172413792
2021-07-22,1.0920549172413792
2021-07-23,1.0920549172413792
2021-07-24,1.0920549172413792
2021-07-25,0.7927888300653594
2021-07-26,0.7927888300653594
2021-07-27,0.7927888300653594
2021-07-28,0.7927888300653594
2021-07-29,1.0221618375000003
2021-07-30,1.0221618375000003
2021-07-31,1.0221618375000003
2021-08-01,1.0221618375000003
2021-08-02,1.2678562447552448
2021-08-03,1.2678562447552448
2021-08-04,1.2678562447552448
2021-08-05,1.2678562447552448
2021-08-06,1.0376195408805027
2021-08-07,1.0376195408805027
2021-08-08,1.0376195408805027
2021-08-09,1.0376195408805027
2021-08-10,0.9898545696969694
2021-08-11,0.9898545696969694
2021-08-12,0.9898545696969694
2021-08-13,0.9898545696969694
2021-08-14,0.7645612256097561
2021-08-15,0.7645612256097561
2021-08-16,0.7645612256097561
2021-08-17,0.7645612256097561
2021-08-18,1.2484088740740737
2021-08-19,1.2484088740740737
2021-08-20,1.2484088740740737
2021-08-21,1.2484088740740737
2021-08-22,0.8382142499999998
2021-08-23,0.8382142499999998
2021-08-24,0.8382142499999998
2021-08-25,0.8382142499999998
2021-08-26,1.0190372054794523
2021-08-27,1.0190372054794523
2021-08-28,1.0190372054794523
2021-08-29,1.0190372054794523
2021-08-30,1.1784164074074073
2021-08-31,1.1784164074074073
2021-09-01,1.1784164074074073
2021-09-02,1.1784164074074073
2021-09-03,1.2684944999999996
2021-09-04,1.2684944999999996
2021-09-05,1.2684944999999996
2021-09-06,1.2684944999999996
2021-09-07,1.140718496732026
2021-09-08,1.140718496732026
2021-09-09,1.140718496732026
2021-09-10,1.140718496732026
2021-09-11,1.0829645540540538
2021-09-12,1.0829645540540538
2021-09-13,1.0829645540540538
2021-09-14,1.0829645540540538
2021-09-15,1.3316786619718306
2021-09-16,1.3316786619718306
2021-09-17,1.3316786619718306
2021-09-18,1.3316786619718306
2021-09-19,0.7703830312499999
2021-09-20,0.7703830312499999
2021-09-21,0.7703830312499999
2021-09-22,0.7703830312499999
2021-09-23,1.0165784606060606
2021-09-24,1.0165784606060606
2021-09-25,1.0165784606060606
2021-09-26,1.0165784606060606
2021-09-27,1.051818432258064
2021-09-28,1.051818432258064
2021-09-29,1.051818432258064
2021-09-30,1.051818432258064
2021-10-01,1.237001442857143
2021-10-02,1.237001442857143
2021-10-03,1.237001442857143
2021-10-04,1.237001442857143
2021-10-05,1.274705579268293
2021-10-06,1.274705579268293
2021-10-07,1.274705579268293
2021-10-08,1.274705579268293
2021-10-09,1.2898361066666668
2021-10-10,1.2898361066666668
2021-10-11,1.2898361066666668
2021-10-12,1.2898361066666668
2021-10-13,1.1073083550295861
2021-10-14,1.1073083550295861
2021-10-15,1.1073083550295861
2021-10-16,1.1073083550295861
2021-10-17,0.9033513624999998
2021-10-18,0.9033513624999998
2021-10-19,0.9033513624999998
2021-10-20,0.9033513624999998
2021-10-21,1.5127835810810817
2021-10-22,1.5127835810810817
2021-10-23,1.5127835810810817
2021-10-24,1.5127835810810817
2021-10-25,1.1017196868131867
2021-10-26,1.1017196868131867
2021-10-27,1.1017196868131867
2021-10-28,1.1017196868131867
2021-10-29,1.067304087719298
2021-10-30,1.067304087719298
2021-10-31,1.067304087719298
2021-11-01,1.067304087719298
2021-11-02,1.2504379936708858
2021-11-03,1.2504379936708858
2021-11-04,1.2504379936708858
2021-11-05,1.2504379936708858
2021-11-06,0.9210429545454545
2021-11-07,0.9210429545454545
2021-11-08,0.9210429545454545
2021-11-09,0.9210429545454545
2021-11-10,1.3629159463087253
2021-11-11,1.3629159463087253
2021-11-12,1.3629159463087253
2021-11-13,1.3629159463087253
2021-11-14,0.8807973885350316
2021-11-15,0.8807973885350316
2021-11-16,0.8807973885350316
2021-11-17,0.8807973885350316
2021-11-18,1.2678713680555558
2021-11-19,1.2678713680555558
2021-11-20,1.2678713680555558
2021-11-21,1.2678713680555558
2021-11-22,1.1951970070921982
2021-11-23,1.1951970070921982
2021-11-24,1.1951970070921982
2021-11-25,1.1951970070921982
2021-11-26,1.3427292424242419
2021-11-27,1.3427292424242419
2021-11-28,1.3427292424242419
2021-11-29,1.3427292424242419
2021-11-30,1.2441733059701492
2021-12-01,1.2441733059701492
2021-12-02,1.2441733059701492
2021-12-03,1.2441733059701492
2021-12-04,1.0918122903225806
2021-12-05,1.0918122903225806
2021-12-06,1.0918122903225806
2021-12-07,1.0918122903225806
2021-12-08,0.9516034523809525
2021-12-09,0.9516034523809525
2021-12-10,0.9516034523809525
2021-12-11,0.9516034523809525
2021-12-12,0.8631154714285717
2021-12-13,0.8631154714285717
2021-12-14,0.8631154714285717
2021-12-15,0.8631154714285717
2021-12-16,1.275047686956522
2021-12-17,1.275047686956522
2021-12-18,1.275047686956522
2021-12-19,1.275047686956522
2021-12-20,1.2485019027777782
2021-12-21,1.2485019027777782
2021-12-22,1.2485019027777782
2021-12-23,1.2485019027777782
2021-12-24,1.239346907284769
2021-12-25,1.239346907284769
2021-12-26,1.239346907284769
2021-12-27,1.239346907284769
2021-12-28,1.4707452537313435
2021-12-29,1.4707452537313435
2021-12-30,1.4707452537313435
2021-12-31,1.4707452537313435
2022-01-01,0.6976989127906976
2022-01-02,0.6976989127906976
2022-01-03,0.6976989127906976
2022-01-04,0.6976989127906976
2022-01-05,1.2350029666666666
2022-01-06,1.2350029666666666
2022-01-07,1.2350029666666666
2022-01-08,1.2350029666666666
2022-01-09,0.929576858156028
2022-01-10,0.929576858156028
2022-01-11,0.929576858156028
2022-01-12,0.929576858156028
2022-01-13,0.9503274134078212
2022-01-14,0.9503274134078212
2022-01-15,0.9503274134078212
2022-01-16,0.9503274134078212
2022-01-17,1.112459049689441
2022-01-18,1.112459049689441
2022-01-19,1.112459049689441
2022-01-20,1.112459049689441
2022-01-21,1.4104563582089547
2022-01-22,1.4104563582089547
2022-01-23,1.4104563582089547
2022-01-24,1.4104563582089547
2022-01-25,1.0729042434210527
2022-01-26,1.0729042434210527
2022-01-27,1.0729042434210527
2022-01-28,1.0729042434210527
2022-01-29,1.044287523489933
2022-01-30,1.044287523489933
2022-01-31,1.044287523489933
2022-02-01,1.044287523489933
2022-02-02,1.190933980392157
2022-02-03,1.190933980392157
2022-02-04,1.190933980392157
2022-02-05,1.190933980392157
2022-02-06,1.0865664230769239
2022-02-07,1.0865664230769239
2022-02-08,1.0865664230769239
2022-02-09,1.0865664230769239
2022-02-10,1.3890481632653064
2022-02-11,1.3890481632653064
2022-02-12,1.3890481632653064
2022-02-13,1.3890481632653064
2022-02-14,1.058443359477124
2022-02-15,1.058443359477124
2022-02-16,1.058443359477124
2022-02-17,1.058443359477124
2022-02-18,1.2964360895522393
2022-02-19,1.2964360895522393
2022-02-20,1.2964360895522393
2022-02-21,1.2964360895522393
2022-02-22,1.0979872565789475
2022-02-23,1.0979872565789475
2022-02-24,1.0979872565789475
2022-02-25,1.0979872565789475
2022-02-26,1.1652993200000008
2022-02-27,1.1652993200000008
2022-02-28,1.1652993200000008
2022-03-01,1.1652993200000008
2022-03-02,1.5223956323529415
2022-03-03,1.5223956323529415
2022-03-04,1.5223956323529415
2022-03-05,1.5223956323529415
2022-03-06,1.067880190839695
2022-03-07,1.067880190839695
2022-03-08,1.067880190839695
2022-03-09,1.067880190839695
2022-03-10,1.2813420689655166
2022-03-11,1.2813420689655166
2022-03-12,1.2813420689655166
2022-03-13,1.2813420689655166
2022-03-14,1.1300726797385627
2022-03-15,1.1300726797385627
2022-03-16,1.1300726797385627
2022-03-17,1.1300726797385627
2022-03-18,1.280325048951049
2022-03-19,1.280325048951049
2022-03-20,1.280325048951049
2022-03-21,1.280325048951049
2022-03-22,1.1143182147651007
2022-03-23,1.1143182147651007
2022-03-24,1.1143182147651007
2022-03-25,1.1143182147651007
2022-03-26,0.9220958571428579
2022-03-27,0.9220958571428579
2022-03-28,0.9220958571428579
2022-03-29,0.9220958571428579
2022-03-30,1.3210638370370367
2022-03-31,1.3210638370370367
2022-04-01,1.3210638370370367
2022-04-02,1.3210638370370367
2022-04-03,1.0614160647482012
2022-04-04,1.0614160647482012
2022-04-05,1.0614160647482012
2022-04-06,1.0614160647482012
2022-04-07,1.279268282608696
2022-04-08,1.279268282608696
2022-04-09,1.279268282608696
2022-04-10,1.279268282608696
2022-04-11,1.3055368686131383
2022-04-12,1.3055368686131383
2022-04-13,1.3055368686131383
2022-04-14,1.3055368686131383
2022-04-15,1.0117503987341767
2022-04-16,1.0117503987341767
2022-04-17,1.0117503987341767
2022-04-18,1.0117503987341767
2022-04-19,1.3595550564516126
2022-04-20,1.3595550564516126
2022-04-21,1.3595550564516126
2022-04-22,1.3595550564516126
2022-04-23,0.9530271840490804
2022-04-24,0.9530271840490804
2022-04-25,0.9530271840490804
2022-04-26,0.9530271840490804
2022-04-27,1.0623186764705885
2022-04-28,1.0623186764705885
2022-04-29,1.0623186764705885
2022-04-30,1.0623186764705885
2022-05-01,0.8749842634730544
2022-05-02,0.8749842634730544
2022-05-03,0.8749842634730544
2022-05-04,0.8749842634730544
2022-05-05,1.4194339617834393
2022-05-06,1.4194339617834393
2022-05-07,1.4194339617834393
2022-05-08,1.4194339617834393
2022-05-09,1.2456847225806449
2022-05-10,1.2456847225806449
2022-05-11,1.2456847225806449
2022-05-12,1.2456847225806449
2022-05-13,1.3054267105263158
2022-05-14,1.3054267105263158
2022-05-15,1.3054267105263158
2022-05-16,1.3054267105263158
2022-05-17,1.4602010884353747
2022-05-18,1.4602010884353747
2022-05-19,1.4602010884353747
2022-05-20,1.4602010884353747
2022-05-21,1.0711926814814818
2022-05-22,1.0711926814814818
2022-05-23,1.0711926814814818
2022-05-24,1.0711926814814818
2022-05-25,1.3547298888888881
2022-05-26,1.3547298888888881
2022-05-27,1.3547298888888881
2022-05-28,1.3547298888888881
2022-05-29,1.021936020134228
2022-05-30,1.021936020134228
2022-05-31,1.021936020134228
2022-06-01,1.021936020134228
2022-06-02,1.4238328000000002
2022-06-03,1.4238328000000002
2022-06-04,1.4238328000000002
2022-06-05,1.4238328000000002
2022-06-06,1.212194793333333
2022-06-07,1.212194793333333
2022-06-08,1.212194793333333
2022-06-09,1.212194793333333
2022-06-10,1.1401990816326533
2022-06-11,1.1401990816326533
2022-06-12,1.1401990816326533
2022-06-13,1.1401990816326533
2022-06-14,1.44310098630137
2022-06-15,1.44310098630137
2022-06-16,1.44310098630137
2022-06-17,1.44310098630137
2022-06-18,1.1938977371794866
2022-06-19,1.1938977371794866
2022-06-20,1.1938977371794866
2022-06-21,1.1938977371794866
2022-06-22,1.27878376744186
2022-06-23,1.27878376744186
2022-06-24,1.27878376744186
2022-06-25,1.27878376744186
2022-06-26,1.2713079347826082
2022-06-27,1.2713079347826082
2022-06-28,1.2713079347826082
2022-06-29,1.2713079347826082
2022-06-30,1.0714789883040936
2022-07-01,1.0714789883040936
2022-07-02,1.0714789883040936
2022-07-03,1.0714789883040936
2022-07-04,1.1054568181818174
2022-07-05,1.1054568181818174
2022-07-06,1.1054568181818174
2022-07-07,1.1054568181818174
2022-07-08,1.2341333243243247
2022-07-09,1.2341333243243247
2022-07-10,1.2341333243243247
2022-07-11,1.2341333243243247
2022-07-12,1.2042947350993374
2022-07-13,1.2042947350993374
2022-07-14,1.2042947350993374
2022-07-15,1.2042947350993374
2022-07-16,1.0242224864864866
2022-07-17,1.0242224864864866
2022-07-18,1.0242224864864866
2022-07-19,1.0242224864864866
2022-07-20,1.3745806507936507
2022-07-21,1.3745806507936507
2022-07-22,1.3745806507936507
2022-07-23,1.3745806507936507
2022-07-24,0.857081280254777
2022-07-25,0.857081280254777
2022-07-26,0.857081280254777
2022-07-27,0.857081280254777
2022-07-28,1.3485174680851058
2022-07-29,1.3485174680851058
2022-07-30,1.3485174680851058
2022-07-31,1.3485174680851058
2022-08-01,1.287020713235293
2022-08-02,1.287020713235293
2022-08-03,1.287020713235293
2022-08-04,1.287020713235293
2022-08-05,1.1568546066666667
2022-08-06,1.1568546066666667
2022-08-07,1.1568546066666667
2022-08-08,1.1568546066666667
2022-08-09,1.2713887412587412
2022-08-10,1.2713887412587412
2022-08-11,1.2713887412587412
2022-08-12,1.2713887412587412
2022-08-13,1.0838953021582733
2022-08-14,1.0838953021582733
2022-08-15,1.0838953021582733
2022-08-16,1.0838953021582733
2022-08-17,1.3302055658914733
2022-08-18,1.3302055658914733
2022-08-19,1.3302055658914733
2022-08-20,1.3302055658914733
2022-08-21,0.945787136986302
2022-08-22,0.945787136986302
2022-08-23,0.945787136986302
2022-08-24,0.945787136986302
2022-08-25,1.09452965408805
2022-08-26,1.09452965408805
2022-08-27,1.09452965408805
2022-08-28,1.09452965408805
2022-08-29,1.1406837452229301
2022-08-30,1.1406837452229301
2022-08-31,1.1406837452229301
2022-09-01,1.1406837452229301
2022-09-02,1.4075855891472864
2022-09-03,1.4075855891472864
2022-09-04,1.4075855891472864
2022-09-05,1.4075855891472864
2022-09-06,1.258158725352113
2022-09-07,1.258158725352113
2022-09-08,1.258158725352113
2022-09-09,1.258158725352113
2022-09-10,1.0515057770700633
2022-09-11,1.0515057770700633
2022-09-12,1.0515057770700633
2022-09-13,1.0515057770700633
2022-09-14,1.4709224173228346
2022-09-15,1.4709224173228346
2022-09-16,1.4709224173228346
2022-09-17,1.4709224173228346
2022-09-18,0.945075824675325
2022-09-19,0.945075824675325
2022-09-20,0.945075824675325
2022-09-21,0.945075824675325
2022-09-22,1.2255284843749998
2022-09-23,1.2255284843749998
2022-09-24,1.2255284843749998
2022-09-25,1.2255284843749998
2022-09-26,1.1799564199999992
2022-09-27,1.1799564199999992
2022-09-28,1.1799564199999992
2022-09-29,1.1799564199999992
2022-09-30,1.1372198106508877
2022-10-01,1.1372198106508877
2022-10-02,1.1372198106508877
2022-10-03,1.1372198106508877
2022-10-04,1.1114347484662572
2022-10-05,1.1114347484662572
2022-10-06,1.1114347484662572
2022-10-07,1.1114347484662572
2022-10-08,0.8557131257142854
2022-10-09,0.8557131257142854
2022-10-10,0.8557131257142854
2022-10-11,0.8557131257142854
2022-10-12,1.2116567372262772
2022-10-13,1.2116567372262772
2022-10-14,1.2116567372262772
2022-10-15,1.2116567372262772
2022-10-16,0.9598758472222225
2022-10-17,0.9598758472222225
2022-10-18,0.9598758472222225
2022-10-19,0.9598758472222225
2022-10-20,1.22090355862069
2022-10-21,1.22090355862069
2022-10-22,1.22090355862069
2022-10-23,1.22090355862069
2022-10-24,1.2878035514705892
2022-10-25,1.2878035514705892
2022-10-26,1.2878035514705892
2022-10-27,1.2878035514705892
2022-10-28,1.149426201257862
2022-10-29,1.149426201257862
2022-10-30,1.149426201257862
2022-10-31,1.149426201257862
2022-11-01,1.3080747430555557
2022-11-02,1.3080747430555557
2022-11-03,1.3080747430555557
2022-11-04,1.3080747430555557
2022-11-05,1.1651228807947012
2022-11-06,1.1651228807947012
2022-11-07,1.1651228807947012
2022-11-08,1.1651228807947012
2022-11-09,1.3109500604026854
2022-11-10,1.3109500604026854
2022-11-11,1.3109500604026854
2022-11-12,1.3109500604026854
2022-11-13,1.210634914728682
2022-11-14,1.210634914728682
2022-11-15,1.210634914728682
2022-11-16,1.210634914728682
2022-11-17,1.3021999347826085
2022-11-18,1.3021999347826085
2022-11-19,1.3021999347826085
2022-11-20,1.3021999347826085
2022-11-21,1.4224287286821715
2022-11-22,1.4224287286821715
2022-11-23,1.4224287286821715
2022-11-24,1.4224287286821715
2022-11-25,1.506700536585366
2022-11-26,1.506700536585366
2022-11-27,1.506700536585366
2022-11-28,1.506700536585366
2022-11-29,1.3612361221374047
2022-11-30,1.3612361221374047
2022-12-01,1.3612361221374047
2022-12-02,1.3612361221374047
2022-12-03,1.3185752137404583
2022-12-04,1.3185752137404583
2022-12-05,1.3185752137404583
2022-12-06,1.3185752137404583
2022-12-07,1.0295061976744189
2022-12-08,1.0295061976744189
2022-12-09,1.0295061976744189
2022-12-10,1.0295061976744189
2022-12-11,0.9720994421768707
2022-12-12,0.9720994421768707
2022-12-13,0.9720994421768707
2022-12-14,0.9720994421768707
2022-12-15,1.235629726618705
2022-12-16,1.235629726618705
2022-12-17,1.235629726618705
2022-12-18,1.235629726618705
2022-12-19,1.3223222941176473
2022-12-20,1.3223222941176473
2022-12-21,1.3223222941176473
2022-12-22,1.3223222941176473
2022-12-23,1.2620145833333334
2022-12-24,1.2620145833333334
2022-12-25,1.2620145833333334
2022-12-26,1.2620145833333334
2022-12-27,1.3764050521739133
2022-12-28,1.3764050521739133
2022-12-29,1.3764050521739133
2022-12-30,1.3764050521739133
2022-12-31,1.0717108461538463
2023-01-01,1.0717108461538463
2023-01-02,1.0717108461538463
2023-01-03,1.0717108461538463
2023-01-04,1.2244501678321678
2023-01-05,1.2244501678321678
2023-01-06,1.2244501678321678
2023-01-07,1.2244501678321678
2023-01-08,0.9051754509803915
2023-01-09,0.9051754509803915
2023-01-10,0.9051754509803915
2023-01-11,0.9051754509803915
2023-01-12,1.3506500198675497
2023-01-13,1.3506500198675497
2023-01-14,1.3506500198675497
2023-01-15,1.3506500198675497
2023-01-16,1.260744619047619
2023-01-17,1.260744619047619
2023-01-18,1.260744619047619
2023-01-19,1.260744619047619
2023-01-20,1.293477098484848
2023-01-21,1.293477098484848
2023-01-22,1.293477098484848
2023-01-23,1.293477098484848
2023-01-24,1.3420454263565889
2023-01-25,1.3420454263565889
2023-01-26,1.3420454263565889
2023-01-27,1.3420454263565889
2023-01-28,0.9601554166666668
2023-01-29,0.9601554166666668
2023-01-30,0.9601554166666668
2023-01-31,0.9601554166666668
2023-02-01,1.5758903795620436
2023-02-02,1.5758903795620436
2023-02-03,1.5758903795620436
2023-02-04,1.5758903795620436
2023-02-05,1.6290970592105256
2023-02-06,1.6290970592105256
2023-02-07,1.6290970592105256
2023-02-08,1.6290970592105256
2023-02-09,2.1439365370370354
2023-02-10,2.1439365370370354
2023-02-11,2.1439365370370354
2023-02-12,2.1439365370370354
2023-02-13,2.162067403846153
2023-02-14,2.162067403846153
2023-02-15,2.162067403846153
2023-02-16,2.162067403846153
2023-02-17,2.048259181818183
2023-02-18,2.048259181818183
2023-02-19,2.048259181818183
2023-02-20,2.048259181818183
2023-02-21,2.0447599341317373
2023-02-22,2.0447599341317373
2023-02-23,2.0447599341317373
2023-02-24,2.0447599341317373
2023-02-25,1.8469322429906543
2023-02-26,1.8469322429906543
2023-02-27,1.8469322429906543
2023-02-28,1.8469322429906543
2023-03-01,2.1105205823529407
2023-03-02,2.1105205823529407
2023-03-03,2.1105205823529407
2023-03-04,2.1105205823529407
2023-03-05,1.9336509612903225
2023-03-06,1.9336509612903225
2023-03-07,1.9336509612903225
2023-03-08,1.9336509612903225
2023-03-09,1.825581814814815
2023-03-10,1.825581814814815
2023-03-11,1.825581814814815
2023-03-12,1.825581814814815
2023-03-13,2.0660502038216557
2023-03-14,2.0660502038216557
2023-03-15,2.0660502038216557
2023-03-16,2.0660502038216557
2023-03-17,1.9005259047619045
2023-03-18,1.9005259047619045
2023-03-19,1.9005259047619045
2023-03-20,1.9005259047619045
2023-03-21,1.9889303517241388
2023-03-22,1.9889303517241388
2023-03-23,1.9889303517241388
2023-03-24,1.9889303517241388
2023-03-25,2.090348034482757
2023-03-26,2.090348034482757
2023-03-27,2.090348034482757
2023-03-28,2.090348034482757
2023-03-29,2.014914578231293
2023-03-30,2.014914578231293
2023-03-31,2.014914578231293
2023-04-01,2.014914578231293
2023-04-02,1.8760888859060403
2023-04-03,1.8760888859060403
2023-04-04,1.8760888859060403
2023-04-05,1.8760888859060403
2023-04-06,1.9575785124999996
2023-04-07,1.9575785124999996
2023-04-08,1.9575785124999996
2023-04-09,1.9575785124999996
2023-04-10,1.6222206178861787
2023-04-11,1.6222206178861787
2023-04-12,1.6222206178861787
2023-04-13,1.6222206178861787
2023-04-14,1.7771835642857152
2023-04-15,1.7771835642857152
2023-04-16,1.7771835642857152
2023-04-17,1.7771835642857152
2023-04-18,1.7747481987951808
2023-04-19,1.7747481987951808
2023-04-20,1.7747481987951808
2023-04-21,1.7747481987951808
2023-04-22,1.6861164899328858
2023-04-23,1.6861164899328858
2023-04-24,1.6861164899328858
2023-04-25,1.6861164899328858
2023-04-26,1.6074717538461532
2023-04-27,1.6074717538461532
2023-04-28,1.6074717538461532
2023-04-29,1.6074717538461532
2023-04-30,1.6470233513513513
2023-05-01,1.6470233513513513
2023-05-02,1.6470233513513513
2023-05-03,1.6470233513513513
2023-05-04,1.5963185958904111
2023-05-05,1.5963185958904111
2023-05-06,1.5963185958904111
2023-05-07,1.5963185958904111
2023-05-08,1.7029231678832117
2023-05-09,1.7029231678832117
2023-05-10,1.7029231678832117
2023-05-11,1.7029231678832117
2023-05-12,1.670210177304964
2023-05-13,1.670210177304964
2023-05-14,1.670210177304964
2023-05-15,1.670210177304964
2023-05-16,1.7140523071895428
2023-05-17,1.7140523071895428
2023-05-18,1.7140523071895428
2023-05-19,1.7140523071895428
2023-05-20,1.7098359465648862
2023-05-21,1.7098359465648862
2023-05-22,1.7098359465648862
2023-05-23,1.7098359465648862
2023-05-24,1.793709716312056
2023-05-25,1.793709716312056
2023-05-26,1.793709716312056
2023-05-27,1.793709716312056
2023-05-28,1.6966330125000013
2023-05-29,1.6966330125000013
2023-05-30,1.6966330125000013
2023-05-31,1.6966330125000013
2023-06-01,1.5992807727272726
2023-06-02,1.5992807727272726
2023-06-03,1.5992807727272726
2023-06-04,1.5992807727272726
2023-06-05,1.5976245144927539
2023-06-06,1.5976245144927539
2023-06-07,1.5976245144927539
2023-06-08,1.5976245144927539
2023-06-09,1.630917828402367
2023-06-10,1.630917828402367
2023-06-11,1.630917828402367
2023-06-12,1.630917828402367
2023-06-13,1.7981825986394564
2023-06-14,1.7981825986394564
2023-06-15,1.7981825986394564
2023-06-16,1.7981825986394564
2023-06-17,1.7132291142857154
2023-06-18,1.7132291142857154
2023-06-19,1.7132291142857154
2023-06-20,1.7132291142857154
2023-06-21,1.608081892561983
2023-06-22,1.608081892561983
2023-06-23,1.608081892561983
2023-06-24,1.608081892561983
2023-06-25,1.8680638758169936
2023-06-26,1.8680638758169936
2023-06-27,1.8680638758169936
2023-06-28,1.8680638758169936
2023-06-29,1.6766364589041103
2023-06-30,1.6766364589041103
2023-07-01,1.6766364589041103
2023-07-02,1.6766364589041103
2023-07-03,1.78020302189781
2023-07-04,1.78020302189781
2023-07-05,1.78020302189781
2023-07-06,1.78020302189781
2023-07-07,1.7994490114285704
2023-07-08,1.7994490114285704
2023-07-09,1.7994490114285704
2023-07-10,1.7994490114285704
2023-07-11,1.714983807407407
2023-07-12,1.714983807407407
2023-07-13,1.714983807407407
2023-07-14,1.714983807407407
2023-07-15,1.6834480579710147
2023-07-16,1.6834480579710147
2023-07-17,1.6834480579710147
2023-07-18,1.6834480579710147
2023-07-19,1.7387541013513517
2023-07-20,1.7387541013513517
2023-07-21,1.7387541013513517
2023-07-22,1.7387541013513517
2023-07-23,1.730404278911564
2023-07-24,1.730404278911564
2023-07-25,1.730404278911564
2023-07-26,1.730404278911564
2023-07-27,1.6534879420289852
2023-07-28,1.6534879420289852
2023-07-29,1.6534879420289852
2023-07-30,1.6534879420289852
2023-07-31,1.6788036666666668
2023-08-01,1.6788036666666668
2023-08-02,1.6788036666666668
2023-08-03,1.6788036666666668
2023-08-04,1.5942489752066114
2023-08-05,1.5942489752066114
2023-08-06,1.5942489752066114
2023-08-07,1.5942489752066114
2023-08-08,1.5628341759999997
2023-08-09,1.5628341759999997
2023-08-10,1.5628341759999997
2023-08-11,1.5628341759999997
2023-08-12,1.5946412095808382
2023-08-13,1.5946412095808382
2023-08-14,1.5946412095808382
2023-08-15,1.5946412095808382
2023-08-16,1.6853333067484657
2023-08-17,1.6853333067484657
2023-08-18,1.6853333067484657
2023-08-19,1.6853333067484657
2023-08-20,1.7218340123456801
2023-08-21,1.7218340123456801
2023-08-22,1.7218340123456801
2023-08-23,1.7218340123456801
2023-08-24,1.570589345323741
2023-08-25,1.570589345323741
2023-08-26,1.570589345323741
2023-08-27,1.570589345323741
2023-08-28,1.5833044491525425
2023-08-29,1.5833044491525425
2023-08-30,1.5833044491525425
2023-08-31,1.5833044491525425
2023-09-01,1.6880327483443716
2023-09-02,1.6880327483443716
2023-09-03,1.6880327483443716
2023-09-04,1.6880327483443716
2023-09-05,1.5411401290322577
2023-09-06,1.5411401290322577
2023-09-07,1.5411401290322577
2023-09-08,1.5411401290322577
2023-09-09,1.696613264900663
2023-09-10,1.696613264900663
2023-09-11,1.696613264900663
2023-09-12,1.696613264900663
2023-09-13,1.6724070136054419
2023-09-14,1.6724070136054419
2023-09-15,1.6724070136054419
2023-09-16,1.6724070136054419
2023-09-17,1.7224605906040273
2023-09-18,1.7224605906040273
2023-09-19,1.7224605906040273
2023-09-20,1.7224605906040273
2023-09-21,1.6412595072463765
2023-09-22,1.6412595072463765
2023-09-23,1.6412595072463765
2023-09-24,1.6412595072463765
2023-09-25,1.7311993448275862
2023-09-26,1.7311993448275862
2023-09-27,1.7311993448275862
2023-09-28,1.7311993448275862
2023-09-29,1.7131524557823128
2023-09-30,1.7131524557823128
2023-10-01,1.7131524557823128
2023-10-02,1.7131524557823128
2023-10-03,1.8681197439024382
2023-10-04,1.8681197439024382
2023-10-05,1.8681197439024382
2023-10-06,1.8681197439024382
2023-10-07,1.5860424210526316
2023-10-08,1.5860424210526316
2023-10-09,1.5860424210526316
2023-10-10,1.5860424210526316
2023-10-11,1.47117684375
2023-10-12,1.47117684375
2023-10-13,1.47117684375
2023-10-14,1.47117684375
2023-10-15,1.8809289820359285
2023-10-16,1.8809289820359285
2023-10-17,1.8809289820359285
2023-10-18,1.8809289820359285
2023-10-19,1.7076567499999995
2023-10-20,1.7076567499999995
2023-10-21,1.7076567499999995
2023-10-22,1.7076567499999995
2023-10-23,1.9158654585987251
2023-10-24,1.9158654585987251
2023-10-25,1.9158654585987251
2023-10-26,1.9158654585987251
2023-10-27,1.656251759740259
2023-10-28,1.656251759740259
2023-10-29,1.656251759740259
2023-10-30,1.656251759740259
2023-10-31,1.67983035483871
2023-11-01,1.67983035483871
2023-11-02,1.67983035483871
2023-11-03,1.67983035483871
2023-11-04,1.6867411428571444
2023-11-05,1.6867411428571444
2023-11-06,1.6867411428571444
2023-11-07,1.6867411428571444
2023-11-08,1.6537917315436244
2023-11-09,1.6537917315436244
2023-11-10,1.6537917315436244
2023-11-11,1.6537917315436244
2023-11-12,1.7385089689440993
2023-11-13,1.7385089689440993
2023-11-14,1.7385089689440993
2023-11-15,1.7385089689440993
2023-11-16,1.6810763040540544
2023-11-17,1.6810763040540544
2023-11-18,1.6810763040540544
2023-11-19,1.6810763040540544
2023-11-20,1.7177419397590374
2023-11-21,1.7177419397590374
2023-11-22,1.7177419397590374
2023-11-23,1.7177419397590374
2023-11-24,1.751372083333334
2023-11-25,1.751372083333334
2023-11-26,1.751372083333334
2023-11-27,1.751372083333334
2023-11-28,1.7175090136054423
2023-11-29,1.7175090136054423
2023-11-30,1.7175090136054423
2023-12-01,1.7175090136054423
2023-12-02,1.6821237322834648
2023-12-03,1.6821237322834648
2023-12-04,1.6821237322834648
2023-12-05,1.6821237322834648
2023-12-06,1.5178013455882353
2023-12-07,1.5178013455882353
2023-12-08,1.5178013455882353
2023-12-09,1.5178013455882353
2023-12-10,1.7631495714285716
2023-12-11,1.7631495714285716
2023-12-12,1.7631495714285716
2023-12-13,1.7631495714285716
2023-12-14,1.5073960068493146
2023-12-15,1.5073960068493146
2023-12-16,1.5073960068493146
2023-12-17,1.5073960068493146
2023-12-18,1.6657721190476187
2023-12-19,1.6657721190476187
2023-12-20,1.6657721190476187
2023-12-21,1.6657721190476187
2023-12-22,1.7013262500000004
2023-12-23,1.7013262500000004
2023-12-24,1.7013262500000004
2023-12-25,1.7013262500000004
2023-12-26,1.765703942446043
2023-12-27,1.765703942446043
2023-12-28,1.765703942446043
2023-12-29,1.765703942446043
2023-12-30,1.6254269241379316
2023-12-31,1.6254269241379316
2024-01-01,1.6254269241379316
2024-01-02,1.6254269241379316
2024-01-03,1.7714657531645563
2024-01-04,1.7714657531645563
2024-01-05,1.7714657531645563
2024-01-06,1.7714657531645563
2024-01-07,1.776827237288136
2024-01-08,1.776827237288136
2024-01-09,1.776827237288136
2024-01-10,1.776827237288136
2024-01-11,1.5768140982658962
2024-01-12,1.5768140982658962
2024-01-13,1.5768140982658962
2024-01-14,1.5768140982658962
2024-01-15,1.7309833771929821
2024-01-16,1.7309833771929821
2024-01-17,1.7309833771929821
2024-01-18,1.7309833771929821
2024-01-19,1.6686307272727272
2024-01-20,1.6686307272727272
2024-01-21,1.6686307272727272
2024-01-22,1.6686307272727272
2024-01-23,1.5379622142857143
2024-01-24,1.5379622142857143
2024-01-25,1.5379622142857143
2024-01-26,1.5379622142857143
2024-01-27,1.740003567251463
2024-01-28,1.740003567251463
2024-01-29,1.740003567251463
2024-01-30,1.740003567251463
2024-01-31,1.6789903740458019
2024-02-01,1.6789903740458019
2024-02-02,1.6789903740458019
2024-02-03,1.6789903740458019
2024-02-04,1.5829797483870964
2024-02-05,1.5829797483870964
2024-02-06,1.5829797483870964
2024-02-07,1.5829797483870964
2024-02-08,1.5233490144927535
2024-02-09,1.5233490144927535
2024-02-10,1.5233490144927535
2024-02-11,1.5233490144927535
2024-02-12,1.871392463687151
2024-02-13,1.871392463687151
2024-02-14,1.871392463687151
2024-02-15,1.871392463687151
2024-02-16,1.80796767164179
2024-02-17,1.80796767164179
2024-02-18,1.80796767164179
2024-02-19,1.80796767164179
2024-02-20,1.6876608510638293
2024-02-21,1.6876608510638293
2024-02-22,1.6876608510638293
2024-02-23,1.6876608510638293
2024-02-24,1.6377038248175175
2024-02-25,1.6377038248175175
2024-02-26,1.6377038248175175
2024-02-27,1.6377038248175175
2024-02-28,1.8063194832214755
2024-02-29,1.8063194832214755
2024-03-01,1.8063194832214755
2024-03-02,1.8063194832214755
2024-03-03,1.934863903225805
2024-03-04,1.934863903225805
2024-03-05,1.934863903225805
2024-03-06,1.934863903225805
2024-03-07,1.9001120777777771
2024-03-08,1.9001120777777771
2024-03-09,1.9001120777777771
2024-03-10,1.9001120777777771
2024-03-11,1.7348717823529416
2024-03-12,1.7348717823529416
2024-03-13,1.7348717823529416
2024-03-14,1.7348717823529416
2024-03-15,1.6357194881889765
2024-03-16,1.6357194881889765
2024-03-17,1.6357194881889765
2024-03-18,1.6357194881889765
2024-03-19,1.7429394331210197
2024-03-20,1.7429394331210197
2024-03-21,1.7429394331210197
2024-03-22,1.7429394331210197
2024-03-23,1.786932961538461
2024-03-24,1.786932961538461
2024-03-25,1.786932961538461
2024-03-26,1.786932961538461
2024-03-27,1.8404302573529407
2024-03-28,1.8404302573529407
2024-03-29,1.8404302573529407
2024-03-30,1.8404302573529407
2024-03-31,2.2927066058394168
2024-04-01,2.2927066058394168
2024-04-02,2.2927066058394168
2024-04-03,2.2927066058394168
2024-04-04,1.7245853695652165
2024-04-05,1.7245853695652165
2024-04-06,1.7245853695652165
2024-04-07,1.7245853695652165
2024-04-08,1.9378595696202539
2024-04-09,1.9378595696202539
2024-04-10,1.9378595696202539
2024-04-11,1.9378595696202539
2024-04-12,1.7724817794117642
2024-04-13,1.7724817794117642
2024-04-14,1.7724817794117642
2024-04-15,1.7724817794117642
2024-04-16,1.936371860606061
2024-04-17,1.936371860606061
2024-04-18,1.936371860606061
2024-04-19,1.936371860606061
2024-04-20,1.452106761538461
2024-04-21,1.452106761538461
2024-04-22,1.452106761538461
2024-04-23,1.452106761538461
2024-04-24,1.5689909419354835
2024-04-25,1.5689909419354835
2024-04-26,1.5689909419354835
2024-04-27,1.5689909419354835
2024-04-28,1.6641852999999998
2024-04-29,1.6641852999999998
2024-04-30,1.6641852999999998
2024-05-01,1.6641852999999998
2024-05-02,1.6322128344827578
2024-05-03,1.6322128344827578
2024-05-04,1.6322128344827578
2024-05-05,1.6322128344827578
2024-05-06,1.5617405901639343
2024-05-07,1.5617405901639343
2024-05-08,1.5617405901639343
2024-05-09,1.5617405901639343
2024-05-10,1.5388563793103438
2024-05-11,1.5388563793103438
2024-05-12,1.5388563793103438
2024-05-13,1.5388563793103438
2024-05-14,1.6161000147058817
2024-05-15,1.6161000147058817
2024-05-16,1.6161000147058817
2024-05-17,1.6161000147058817
2024-05-18,1.4535821249999996
2024-05-19,1.4535821249999996
2024-05-20,1.4535821249999996
2024-05-21,1.4535821249999996
2024-05-22,1.660516326797386
2024-05-23,1.660516326797386
2024-05-24,1.660516326797386
2024-05-25,1.660516326797386
2024-05-26,1.6659022619047608
2024-05-27,1.6659022619047608
2024-05-28,1.6659022619047608
2024-05-29,1.6659022619047608
2024-05-30,1.519309162601626
2024-05-31,1.519309162601626
2024-06-01,1.519309162601626
2024-06-02,1.519309162601626
2024-06-03,1.5421512038216565
2024-06-04,1.5421512038216565
2024-06-05,1.5421512038216565
2024-06-06,1.5421512038216565
2024-06-07,1.328911873239437
2024-06-08,1.328911873239437
2024-06-09,1.328911873239437
2024-06-10,1.328911873239437
2024-06-11,1.5732289105691053
2024-06-12,1.5732289105691053
2024-06-13,1.5732289105691053
2024-06-14,1.5732289105691053
2024-06-15,1.4738273358208949
2024-06-16,1.4738273358208949
2024-06-17,1.4738273358208949
2024-06-18,1.4738273358208949
2024-06-19,1.6080518759124085
2024-06-20,1.6080518759124085
2024-06-21,1.6080518759124085
2024-06-22,1.6080518759124085
2024-06-23,1.6591048660714283
2024-06-24,1.6591048660714283
2024-06-25,1.6591048660714283
2024-06-26,1.6591048660714283
2024-06-27,1.6669941153846162
2024-06-28,1.6669941153846162
2024-06-29,1.6669941153846162
2024-06-30,1.6669941153846162
2024-07-01,1.6537716524822694
2024-07-02,1.6537716524822694
2024-07-03,1.6537716524822694
2024-07-04,1.6537716524822694
2024-07-05,1.5924181322314042
2024-07-06,1.5924181322314042
2024-07-07,1.5924181322314042
2024-07-08,1.5924181322314042
2024-07-09,1.5649307142857143
2024-07-10,1.5649307142857143
2024-07-11,1.5649307142857143
2024-07-12,1.5649307142857143
2024-07-13,1.557888032467532
2024-07-14,1.557888032467532
2024-07-15,1.557888032467532
2024-07-16,1.557888032467532
2024-07-17,1.6037711446540888
2024-07-18,1.6037711446540888
2024-07-19,1.6037711446540888
2024-07-20,1.6037711446540888
2024-07-21,1.5801124852070998
2024-07-22,1.5801124852070998
2024-07-23,1.5801124852070998
2024-07-24,1.5801124852070998
2024-07-25,1.5924451963190178
2024-07-26,1.5924451963190178
2024-07-27,1.5924451963190178
2024-07-28,1.5924451963190178
2024-07-29,1.62134443258427
2024-07-30,1.62134443258427
2024-07-31,1.62134443258427
2024-08-01,1.62134443258427
2024-08-02,1.623253176
2024-08-03,1.623253176
2024-08-04,1.623253176
2024-08-05,1.623253176
2024-08-06,1.6217257785714287
2024-08-07,1.6217257785714287
2024-08-08,1.6217257785714287
2024-08-09,1.6217257785714287
2024-08-10,1.6057187596899232
2024-08-11,1.6057187596899232
2024-08-12,1.6057187596899232
2024-08-13,1.6057187596899232
2024-08-14,1.626691075757575
2024-08-15,1.626691075757575
2024-08-16,1.626691075757575
2024-08-17,1.626691075757575
2024-08-18,1.6788531410256415
2024-08-19,1.6788531410256415
2024-08-20,1.6788531410256415
2024-08-21,1.6788531410256415
2024-08-22,1.5881395374999996
2024-08-23,1.5881395374999996
2024-08-24,1.5881395374999996
2024-08-25,1.5881395374999996
2024-08-26,1.669892850746268
2024-08-27,1.669892850746268
2024-08-28,1.669892850746268
2024-08-29,1.669892850746268
2024-08-30,1.6535853239436622
2024-08-31,1.6535853239436622
2024-09-01,1.6535853239436622
2024-09-02,1.6535853239436622
2024-09-03,1.7526985771812091
2024-09-04,1.7526985771812091
2024-09-05,1.7526985771812091
2024-09-06,1.7526985771812091
2024-09-07,1.634313088607595
2024-09-08,1.634313088607595
2024-09-09,1.634313088607595
2024-09-10,1.634313088607595
2024-09-11,1.6362137314814822
2024-09-12,1.6362137314814822
2024-09-13,1.6362137314814822
2024-09-14,1.6362137314814822
2024-09-15,1.6275773178807944
2024-09-16,1.6275773178807944
2024-09-17,1.6275773178807944
2024-09-18,1.6275773178807944
2024-09-19,1.6243991065573766
2024-09-20,1.6243991065573766
2024-09-21,1.6243991065573766
2024-09-22,1.6243991065573766
2024-09-23,1.6690879452054797
2024-09-24,1.6690879452054797
2024-09-25,1.6690879452054797
2024-09-26,1.6690879452054797
2024-09-27,1.736522875912409
2024-09-28,1.736522875912409
2024-09-29,1.736522875912409
2024-09-30,1.736522875912409
2024-10-01,1.6122386305732481
2024-10-02,1.6122386305732481
2024-10-03,1.6122386305732481
2024-10-04,1.6122386305732481
2024-10-05,1.5330212119205293
2024-10-06,1.5330212119205293
2024-10-07,1.5330212119205293
2024-10-08,1.5330212119205293
2024-10-09,1.5759534960629924
2024-10-10,1.5759534960629924
2024-10-11,1.5759534960629924
2024-10-12,1.5759534960629924
2024-10-13,1.5376229927536234
2024-10-14,1.5376229927536234
2024-10-15,1.5376229927536234
2024-10-16,1.5376229927536234
2024-10-17,1.6180906496815295
2024-10-18,1.6180906496815295
2024-10-19,1.6180906496815295
2024-10-20,1.6180906496815295
2024-10-21,1.5792821403508777
2024-10-22,1.5792821403508777
2024-10-23,1.5792821403508777
2024-10-24,1.5792821403508777
2024-10-25,1.748851071895425
2024-10-26,1.748851071895425
2024-10-27,1.748851071895425
2024-10-28,1.748851071895425
2024-10-29,1.7056745286624198
2024-10-30,1.7056745286624198
2024-10-31,1.7056745286624198
2024-11-01,1.7056745286624198
2024-11-02,1.7361215390070937
2024-11-03,1.7361215390070937
2024-11-04,1.7361215390070937
2024-11-05,1.7361215390070937
2024-11-06,1.6654647777777776
2024-11-07,1.6654647777777776
2024-11-08,1.6654647777777776
2024-11-09,1.6654647777777776
2024-11-10,1.63745254054054
2024-11-11,1.63745254054054
2024-11-12,1.63745254054054
2024-11-13,1.63745254054054
2024-11-14,1.5711467007874016
2024-11-15,1.5711467007874016
2024-11-16,1.5711467007874016
2024-11-17,1.5711467007874016
2024-11-18,1.5984520128205133
2024-11-19,1.5984520128205133
2024-11-20,1.5984520128205133
2024-11-21,1.5984520128205133
2024-11-22,1.5840462027972033
2024-11-23,1.5840462027972033
2024-11-24,1.5840462027972033
2024-11-25,1.5840462027972033
2024-11-26,1.5461724892086326
2024-11-27,1.5461724892086326
2024-11-28,1.5461724892086326
2024-11-29,1.5461724892086326
2024-11-30,1.634260103658536
2024-12-01,1.634260103658536
2024-12-02,1.634260103658536
2024-12-03,1.634260103658536
2024-12-04,1.5576989183673466
2024-12-05,1.5576989183673466
2024-12-06,1.5576989183673466
2024-12-07,1.5576989183673466
2024-12-08,1.5827433767123291
2024-12-09,1.5827433767123291
2024-12-10,1.5827433767123291
2024-12-11,1.5827433767123291
2024-12-12,1.580802655405405
2024-12-13,1.580802655405405
2024-12-14,1.580802655405405
2024-12-15,1.580802655405405
2024-12-16,1.59929022972973
2024-12-17,1.59929022972973
2024-12-18,1.59929022972973
2024-12-19,1.59929022972973
2024-12-20,1.5462122185430456
2024-12-21,1.5462122185430456
2024-12-22,1.5462122185430456
2024-12-23,1.5462122185430456
2024-12-24,1.561172409090909
2024-12-25,1.561172409090909
2024-12-26,1.561172409090909
2024-12-27,1.561172409090909
2024-12-28,1.6857940769230761
2024-12-29,1.6857940769230761
2024-12-30,1.6857940769230761
2024-12-31,1.6857940769230761
2025-01-01,1.8116450785714278
2025-01-02,1.8116450785714278
2025-01-03,1.8116450785714278
2025-01-04,1.8116450785714278
2025-01-05,1.7188002628205135
2025-01-06,1.7188002628205135
2025-01-07,1.7188002628205135
2025-01-08,1.7188002628205135
2025-01-09,1.7227529934210526
2025-01-10,1.7227529934210526
2025-01-11,1.7227529934210526
2025-01-12,1.7227529934210526
2025-01-13,1.7295513437500007
2025-01-14,1.7295513437500007
2025-01-15,1.7295513437500007
2025-01-16,1.7295513437500007
2025-01-17,1.68558006
2025-01-18,1.68558006
2025-01-19,1.68558006
2025-01-20,1.68558006
2025-01-21,1.8047244887218037
2025-01-22,1.8047244887218037
2025-01-23,1.8047244887218037
2025-01-24,1.8047244887218037
2025-01-25,1.7152180859374997
2025-01-26,1.7152180859374997
2025-01-27,1.7152180859374997
2025-01-28,1.7152180859374997
2025-01-29,1.7883141612903222
2025-01-30,1.7883141612903222
2025-01-31,1.7883141612903222
2025-02-01,1.7883141612903222
2025-02-02,1.6779790877192988
2025-02-03,1.6779790877192988
2025-02-04,1.6779790877192988
2025-02-05,1.6779790877192988
2025-02-06,1.7654181517241379
2025-02-07,1.7654181517241379
2025-02-08,1.7654181517241379
2025-02-09,1.7654181517241379
2025-02-10,1.6840576115107921
2025-02-11,1.6840576115107921
2025-02-12,1.6840576115107921
2025-02-13,1.6840576115107921
2025-02-14,1.7718157763157887
2025-02-15,1.7718157763157887
2025-02-16,1.7718157763157887
2025-02-17,1.7718157763157887
2025-02-18,1.7863662214285705
2025-02-19,1.7863662214285705
2025-02-20,1.7863662214285705
2025-02-21,1.7863662214285705
2025-02-22,1.7502547697841715
2025-02-23,1.7502547697841715
2025-02-24,1.7502547697841715
2025-02-25,1.7502547697841715
2025-02-26,1.4706002420382172
2025-02-27,1.4706002420382172
2025-02-28,1.4706002420382172
2025-03-01,1.4706002420382172
2025-03-02,1.760054301587302
2025-03-03,1.760054301587302
2025-03-04,1.760054301587302
2025-03-05,1.760054301587302
2025-03-06,1.697800470588235
2025-03-07,1.697800470588235
2025-03-08,1.697800470588235
2025-03-09,1.697800470588235
2025-03-10,1.5978543246753247
2025-03-11,1.5978543246753247
2025-03-12,1.5978543246753247
2025-03-13,1.5978543246753247
2025-03-14,1.6494194859154925
2025-03-15,1.6494194859154925
2025-03-16,1.6494194859154925
2025-03-17,1.6494194859154925
2025-03-18,1.6019828450704228
2025-03-19,1.6019828450704228
2025-03-20,1.6019828450704228
2025-03-21,1.6019828450704228
2025-03-22,1.6760423133333333
2025-03-23,1.6760423133333333
2025-03-24,1.6760423133333333
2025-03-25,1.6760423133333333
2025-03-26,1.6199100394736845
2025-03-27,1.6199100394736845
2025-03-28,1.6199100394736845
2025-03-29,1.6199100394736845
2025-03-30,1.5574983722627729
2025-03-31,1.5574983722627729
2025-04-01,1.5574983722627729
2025-04-02,1.5574983722627729
2025-04-03,1.585139506578947
2025-04-04,1.585139506578947
2025-04-05,1.585139506578947
2025-04-06,1.585139506578947
2025-04-07,1.4500031862068958
2025-04-08,1.4500031862068958
2025-04-09,1.4500031862068958
2025-04-10,1.4500031862068958
2025-04-11,1.4232085135135133
2025-04-12,1.4232085135135133
2025-04-13,1.4232085135135133
2025-04-14,1.4232085135135133
2025-04-15,1.509216645833333
2025-04-16,1.509216645833333
2025-04-17,1.509216645833333
2025-04-18,1.509216645833333
2025-04-19,1.6493560287769784
2025-04-20,1.6493560287769784
2025-04-21,1.6493560287769784
2025-04-22,1.6493560287769784
2025-04-23,1.5722158771929824
2025-04-24,1.5722158771929824
2025-04-25,1.5722158771929824
2025-04-26,1.5722158771929824
2025-04-27,1.603343444444444
2025-04-28,1.603343444444444
2025-04-29,1.603343444444444
