"Date","Price","Open","High","Low","Vol.","Change %"
"04/29/2025","306.06","305.81","306.95","304.00","6.85M","-0.97%"
"04/28/2025","309.07","304.15","309.11","302.97","9.38M","1.42%"
"04/25/2025","304.73","301.78","305.37","301.01","10.69M","-1.08%"
"04/24/2025","308.07","306.98","308.49","304.71","10.84M","1.46%"
"04/23/2025","303.65","304.18","304.74","300.59","25.42M","-2.40%"
"04/22/2025","311.11","317.49","317.63","310.36","35.24M","-1.42%"
"04/21/2025","315.59","315.02","316.41","313.95","20.37M","3.09%"
"04/17/2025","306.12","306.31","307.13","302.73","18.29M","-0.44%"
"04/16/2025","307.47","304.65","308.06","303.80","20.78M","3.25%"
"04/15/2025","297.78","296.93","298.02","296.09","7.92M","0.52%"
"04/14/2025","296.23","295.54","296.58","294.53","12.43M","-0.57%"
"04/11/2025","297.93","297.96","299.27","296.81","21.08M","1.91%"
"04/10/2025","292.35","288.80","292.86","287.23","19.84M","2.44%"
"04/09/2025","285.38","282.22","285.87","281.04","25.34M","3.70%"
"04/08/2025","275.20","277.87","278.32","274.24","12.64M","0.54%"
"04/07/2025","273.71","278.86","280.14","272.58","19.81M","-2.15%"
"04/04/2025","279.72","283.64","284.03","278.02","21.52M","-2.34%"
"04/03/2025","286.42","282.78","289.09","282.45","20.52M","-0.60%"
"04/02/2025","288.16","288.28","289.03","287.36","11.07M","0.21%"
"04/01/2025","287.57","288.54","289.13","285.91","15.92M","-0.20%"
"03/31/2025","288.14","287.53","288.39","285.85","13.93M","1.44%"
"03/28/2025","284.06","283.82","284.64","282.86","9.56M","0.74%"
"03/27/2025","281.97","280.55","282.07","279.59","8.48M","1.34%"
"03/26/2025","278.24","278.93","279.02","277.78","3.74M","-0.08%"
"03/25/2025","278.47","278.78","279.96","278.27","5.09M","0.44%"
"03/24/2025","277.25","278.91","279.09","276.86","7.87M","-0.45%"
"03/21/2025","278.49","279.46","279.46","276.59","9.36M","-0.80%"
"03/20/2025","280.75","279.49","280.90","279.43","5.86M","-0.13%"
"03/19/2025","281.11","279.85","281.48","279.06","8.82M","0.41%"
"03/18/2025","279.96","279.90","280.21","278.97","9.60M","1.17%"
"03/17/2025","276.73","275.54","276.79","275.39","8.58M","0.54%"
"03/14/2025","275.24","276.27","276.30","274.66","13.36M","0.04%"
"03/13/2025","275.13","271.57","275.35","271.55","13.74M","1.78%"
"03/12/2025","270.33","268.47","271.23","268.36","7.24M","0.43%"
"03/11/2025","269.16","268.47","269.73","268.44","8.44M","1.17%"
"03/10/2025","266.04","267.62","268.44","265.64","7.59M","-0.88%"
"03/07/2025","268.39","269.09","270.34","267.64","10.43M","0.05%"
"03/06/2025","268.25","268.25","269.51","268.16","6.14M","-0.51%"
"03/05/2025","269.62","267.97","270.26","267.96","6.99M","0.21%"
"03/04/2025","269.06","269.01","269.40","267.52","8.48M","0.87%"
"03/03/2025","266.74","265.07","266.88","265.07","7.73M","1.32%"
"02/28/2025","263.27","262.55","263.40","261.25","11.50M","-0.63%"
"02/27/2025","264.93","266.49","266.67","264.45","9.37M","-1.52%"
"02/26/2025","269.03","267.08","269.08","266.66","7.28M","0.15%"
"02/25/2025","268.62","271.46","271.68","266.45","10.08M","-1.32%"
"02/24/2025","272.21","271.45","272.32","270.38","5.37M","0.54%"
"02/21/2025","270.74","270.80","271.51","269.51","8.92M","-0.09%"
"02/20/2025","270.99","270.23","271.84","270.17","7.36M","0.05%"
"02/19/2025","270.85","270.68","271.33","269.24","9.34M","0.06%"
"02/18/2025","270.70","269.68","271.01","269.60","8.19M","1.66%"
"02/14/2025","266.29","270.07","270.21","265.45","11.55M","-1.49%"
"02/13/2025","270.31","268.40","270.39","268.22","8.35M","0.99%"
"02/12/2025","267.67","267.15","268.43","266.35","9.33M","0.10%"
"02/11/2025","267.39","267.70","268.36","266.71","7.17M","-0.37%"
"02/10/2025","268.37","268.00","268.66","267.24","13.25M","1.69%"
"02/07/2025","263.90","265.22","266.35","263.26","9.15M","0.18%"
"02/06/2025","263.43","263.66","263.72","261.49","8.73M","-0.27%"
"02/05/2025","264.13","264.45","265.99","263.89","12.68M","0.62%"
"02/04/2025","262.50","261.83","262.54","261.35","9.85M","0.98%"
"02/03/2025","259.94","259.75","261.39","259.52","11.52M","0.53%"
"01/31/2025","258.56","259.08","259.99","257.86","8.97M","0.20%"
"01/30/2025","258.05","257.20","258.29","256.45","12.98M","1.51%"
"01/29/2025","254.20","254.55","254.82","253.30","5.67M","-0.38%"
"01/28/2025","255.18","254.23","255.25","253.89","5.33M","0.87%"
"01/27/2025","252.99","253.86","254.26","251.92","5.80M","-1.04%"
"01/24/2025","255.65","255.96","257.07","255.61","7.34M","0.62%"
"01/23/2025","254.07","253.19","254.54","252.82","6.51M","-0.14%"
"01/22/2025","254.43","254.29","254.68","253.78","5.21M","0.51%"
"01/21/2025","253.13","251.95","253.36","251.83","7.67M","1.55%"
"01/17/2025","249.27","249.70","250.81","249.15","8.31M","-0.53%"
"01/16/2025","250.60","250.56","251.39","250.27","9.24M","0.69%"
"01/15/2025","248.88","248.21","248.90","247.01","6.34M","0.75%"
"01/14/2025","247.03","245.62","247.04","245.52","4.91M","0.52%"
"01/13/2025","245.74","246.34","246.79","245.15","8.45M","-1.00%"
"01/10/2025","248.21","248.01","249.04","247.55","12.38M","0.96%"
"01/08/2025","245.86","245.72","246.45","244.51","6.30M","0.53%"
"01/07/2025","244.56","245.52","245.77","243.81","5.09M","0.56%"
"01/06/2025","243.19","242.33","243.79","242.05","3.76M","-0.12%"
"01/03/2025","243.49","244.56","244.82","243.36","4.88M","-0.79%"
"01/02/2025","245.42","244.22","245.53","244.08","6.24M","1.36%"
"12/31/2024","242.13","241.05","242.52","241.05","2.52M","0.62%"
"12/30/2024","240.63","241.08","241.08","239.58","3.52M","-0.32%"
"12/27/2024","241.40","241.20","241.95","241.05","4.73M","-0.69%"
"12/26/2024","243.07","242.39","243.56","242.20","4.65M","0.68%"
"12/24/2024","241.44","241.49","241.66","240.82","2.42M","0.20%"
"12/23/2024","240.96","241.60","241.67","240.65","5.84M","-0.47%"
"12/20/2024","242.10","241.41","242.96","241.17","9.53M","1.04%"
"12/19/2024","239.60","239.67","240.05","238.73","8.11M","0.14%"
"12/18/2024","239.26","243.57","243.71","238.82","8.02M","-1.92%"
"12/17/2024","243.94","243.80","244.55","243.23","4.42M","-0.38%"
"12/16/2024","244.88","245.41","245.54","244.29","3.31M","0.24%"
"12/13/2024","244.29","245.67","245.94","244.27","6.60M","-1.21%"
"12/12/2024","247.28","247.81","248.24","246.87","10.15M","-1.47%"
"12/11/2024","250.96","249.35","251.26","248.97","11.03M","0.95%"
"12/10/2024","248.59","247.86","248.86","247.83","4.64M","1.32%"
"12/09/2024","245.36","246.28","247.11","245.26","4.71M","0.99%"
"12/06/2024","242.95","242.79","243.86","242.43","3.54M","0.04%"
"12/05/2024","242.86","244.16","244.38","242.15","4.81M","-0.74%"
"12/04/2024","244.67","244.93","245.34","244.37","4.61M","0.30%"
"12/03/2024","243.93","244.96","245.18","243.30","3.56M","0.20%"
"12/02/2024","243.44","244.46","244.58","243.14","4.77M","-0.88%"
"11/29/2024","245.59","245.25","245.81","244.73","2.71M","0.86%"
"11/27/2024","243.49","244.85","245.18","243.20","6.93M","0.22%"
"11/26/2024","242.95","242.71","243.09","241.58","4.95M","0.19%"
"11/25/2024","242.48","244.27","244.40","241.48","10.73M","-2.95%"
"11/22/2024","249.84","248.20","250.39","247.86","7.50M","1.29%"
"11/21/2024","246.66","246.23","246.81","245.69","7.65M","0.83%"
"11/20/2024","244.62","243.74","245.21","243.51","6.63M","0.56%"
"11/19/2024","243.25","242.75","243.31","242.03","6.58M","0.90%"
"11/18/2024","241.09","240.46","241.49","240.45","6.51M","1.90%"
"11/15/2024","236.59","237.57","237.88","236.33","7.30M","-0.18%"
"11/14/2024","237.01","236.57","237.99","236.13","8.26M","-0.26%"
"11/13/2024","237.63","241.31","241.47","237.59","8.43M","-1.01%"
"11/12/2024","240.05","241.29","241.66","239.39","10.15M","-0.86%"
"11/11/2024","242.14","242.73","242.73","241.06","11.65M","-2.35%"
"11/08/2024","247.96","249.07","249.35","247.78","6.27M","-0.68%"
"11/07/2024","249.65","248.29","250.24","248.12","8.82M","1.61%"
"11/06/2024","245.70","245.63","247.35","244.95","14.60M","-3.04%"
"11/05/2024","253.40","253.78","253.99","252.41","6.03M","0.23%"
"11/04/2024","252.83","253.32","253.58","252.27","4.58M","0.14%"
"11/01/2024","252.47","254.33","254.86","252.43","6.47M","-0.41%"
"10/31/2024","253.51","255.52","255.60","252.20","9.93M","-1.55%"
"10/30/2024","257.50","256.76","257.71","255.91","6.39M","0.55%"
"10/29/2024","256.09","254.49","256.29","254.23","8.88M","1.09%"
"10/28/2024","253.33","253.01","253.63","252.95","4.03M","0.00%"
"10/25/2024","253.32","252.00","253.55","251.77","4.42M","0.21%"
"10/24/2024","252.80","253.27","253.32","251.40","5.96M","0.77%"
"10/23/2024","250.87","253.08","253.18","250.20","8.08M","-1.21%"
"10/22/2024","253.93","253.06","253.94","252.52","5.76M","1.08%"
"10/21/2024","251.22","252.74","253.14","250.73","9.26M","-0.02%"
"10/18/2024","251.27","250.00","251.37","249.90","7.83M","1.06%"
"10/17/2024","248.63","247.75","249.06","247.62","5.18M","0.60%"
"10/16/2024","247.15","247.62","248.09","246.36","5.43M","0.50%"
"10/15/2024","245.92","244.99","246.55","244.53","5.64M","0.35%"
"10/14/2024","245.07","245.16","245.86","244.26","3.92M","-0.16%"
"10/11/2024","245.47","244.50","245.92","244.47","5.79M","1.09%"
"10/10/2024","242.82","241.77","243.02","241.51","4.79M","0.73%"
"10/09/2024","241.05","241.16","241.84","240.64","4.12M","-0.54%"
"10/08/2024","242.37","243.79","244.04","240.63","7.67M","-0.74%"
"10/07/2024","244.17","244.58","244.82","243.81","3.85M","-0.34%"
"10/04/2024","245.00","245.00","246.69","244.04","5.95M","-0.20%"
"10/03/2024","245.49","244.72","245.91","243.69","5.67M","-0.07%"
"10/02/2024","245.66","245.61","246.07","243.99","6.80M","0.02%"
"10/01/2024","245.61","245.20","246.98","245.06","10.61M","1.05%"
"09/30/2024","243.06","243.97","244.08","242.50","6.92M","-0.80%"
"09/27/2024","245.02","246.31","246.75","244.19","8.33M","-0.79%"
"09/26/2024","246.98","246.44","247.37","245.19","7.04M","0.51%"
"09/25/2024","245.73","246.19","246.47","244.79","7.39M","-0.14%"
"09/24/2024","246.07","243.39","246.19","243.15","8.39M","1.40%"
"09/23/2024","242.68","242.97","243.46","242.59","5.43M","0.19%"
"09/20/2024","242.21","241.11","242.63","240.47","7.74M","1.27%"
"09/19/2024","239.17","238.24","239.51","237.39","6.11M","1.55%"
"09/18/2024","235.51","238.19","240.29","235.30","11.08M","-0.77%"
"09/17/2024","237.34","238.08","238.60","236.61","5.26M","-0.55%"
"09/16/2024","238.66","238.73","239.28","238.05","4.71M","-0.01%"
"09/13/2024","238.68","238.13","238.98","237.76","7.46M","0.99%"
"09/12/2024","236.33","234.63","236.45","234.42","9.94M","1.76%"
"09/11/2024","232.25","231.72","232.87","231.09","4.64M","-0.16%"
"09/10/2024","232.62","232.39","232.74","231.12","4.38M","0.44%"
"09/09/2024","231.60","231.26","231.62","230.39","3.55M","0.42%"
"09/06/2024","230.63","231.83","232.76","229.62","6.32M","-0.74%"
"09/05/2024","232.35","232.72","232.89","231.33","4.84M","0.83%"
"09/04/2024","230.43","229.79","231.06","229.38","4.70M","0.06%"
"09/03/2024","230.29","230.38","230.54","228.52","6.42M","-0.43%"
"08/30/2024","231.29","232.53","232.86","230.55","5.74M","-0.71%"
"08/29/2024","232.95","231.95","233.61","231.92","5.52M","0.52%"
"08/28/2024","231.75","232.00","232.02","230.73","4.96M","-0.70%"
"08/27/2024","233.39","231.69","233.47","231.57","4.44M","0.27%"
"08/26/2024","232.76","233.45","233.50","232.06","3.15M","0.32%"
"08/23/2024","232.02","231.04","232.73","230.52","5.42M","1.16%"
"08/22/2024","229.37","230.35","230.38","228.26","5.77M","-1.20%"
"08/21/2024","232.15","231.69","232.87","230.48","5.34M","-0.13%"
"08/20/2024","232.46","233.71","234.01","231.13","9.07M","0.37%"
"08/19/2024","231.61","230.15","231.78","229.74","5.16M","-0.16%"
"08/16/2024","231.99","229.99","232.02","229.01","11.92M","2.24%"
"08/15/2024","226.91","226.51","227.50","225.12","5.27M","0.31%"
"08/14/2024","226.20","226.55","227.48","225.35","5.46M","-0.82%"
"08/13/2024","228.06","228.07","228.87","227.59","6.74M","-0.15%"
"08/12/2024","228.41","226.14","228.54","225.96","5.56M","1.71%"
"08/09/2024","224.56","224.82","225.28","223.82","4.44M","0.25%"
"08/08/2024","224.01","222.73","224.25","222.51","6.33M","1.57%"
"08/07/2024","220.55","221.94","222.31","220.35","5.29M","-0.07%"
"08/06/2024","220.70","221.50","222.14","220.11","14.36M","-0.80%"
"08/05/2024","222.48","220.56","223.10","220.24","8.94M","-1.27%"
"08/02/2024","225.34","227.95","228.76","222.87","11.11M","-0.19%"
"08/01/2024","225.77","226.74","227.57","225.05","7.22M","-0.34%"
"07/31/2024","226.55","223.73","226.60","223.64","7.32M","1.81%"
"07/30/2024","222.52","221.41","222.92","220.35","4.94M","1.00%"
"07/29/2024","220.32","221.26","221.55","219.04","4.67M","-0.14%"
"07/26/2024","220.63","219.96","221.04","219.70","6.33M","1.05%"
"07/25/2024","218.33","219.02","219.26","217.52","9.78M","-1.56%"
"07/24/2024","221.80","223.47","224.88","221.74","6.84M","-0.35%"
"07/23/2024","222.58","222.34","222.75","221.86","4.44M","0.35%"
"07/22/2024","221.80","221.58","221.92","220.40","5.33M","0.03%"
"07/19/2024","221.73","221.52","222.68","221.41","8.67M","-1.79%"
"07/18/2024","225.78","227.71","228.32","225.57","5.49M","-0.64%"
"07/17/2024","227.23","228.79","229.65","226.67","8.62M","-0.46%"
"07/16/2024","228.29","225.45","228.29","225.30","11.07M","1.99%"
"07/15/2024","223.83","223.39","225.59","223.02","5.72M","0.32%"
"07/12/2024","223.11","222.03","223.62","221.86","5.18M","-0.06%"
"07/11/2024","223.25","222.65","224.15","221.48","9.32M","1.77%"
"07/10/2024","219.36","220.14","220.71","219.16","5.56M","0.37%"
"07/09/2024","218.56","218.57","219.29","217.26","3.90M","0.17%"
"07/08/2024","218.19","219.64","220.04","217.41","5.79M","-1.24%"
"07/05/2024","220.93","219.58","221.28","219.58","5.95M","1.35%"
"07/03/2024","217.99","217.34","218.74","217.33","5.06M","1.13%"
"07/02/2024","215.56","215.33","216.08","214.62","4.92M","0.00%"
"07/01/2024","215.57","215.25","216.00","214.49","3.80M","0.26%"
"06/28/2024","215.01","215.64","215.81","214.82","3.96M","0.01%"
"06/27/2024","214.99","214.71","215.50","214.45","4.98M","1.13%"
"06/26/2024","212.58","212.39","213.11","212.12","4.69M","-0.92%"
"06/25/2024","214.56","214.96","215.31","214.12","3.85M","-0.50%"
"06/24/2024","215.63","215.55","215.94","215.20","4.63M","0.40%"
"06/21/2024","214.78","217.83","217.90","214.26","8.94M","-1.55%"
"06/20/2024","218.16","216.32","218.74","216.15","7.29M","1.25%"
"06/18/2024","215.47","214.38","215.83","214.04","4.92M","0.40%"
"06/17/2024","214.61","214.90","215.24","213.60","3.88M","-0.52%"
"06/14/2024","215.73","215.34","216.04","214.98","7.08M","1.30%"
"06/13/2024","212.97","214.44","214.96","212.26","5.86M","-0.82%"
"06/12/2024","214.72","216.47","216.55","214.20","5.91M","0.27%"
"06/11/2024","214.15","213.95","214.38","213.24","4.00M","0.29%"
"06/10/2024","213.54","213.13","214.02","212.76","4.22M","0.92%"
"06/07/2024","211.60","215.07","215.19","211.54","12.20M","-3.57%"
"06/06/2024","219.43","218.36","219.97","218.10","5.28M","0.74%"
"06/05/2024","217.82","216.69","218.08","215.93","5.48M","1.18%"
"06/04/2024","215.27","216.24","216.24","214.20","5.51M","-0.90%"
"06/03/2024","217.22","215.92","217.82","215.54","6.17M","0.89%"
"05/31/2024","215.30","217.77","217.96","214.65","5.62M","-0.59%"
"05/30/2024","216.57","216.69","217.51","216.41","3.07M","0.19%"
"05/29/2024","216.16","216.92","217.16","216.12","4.18M","-0.93%"
"05/28/2024","218.19","218.43","218.59","217.21","3.81M","1.05%"
"05/24/2024","215.92","216.96","217.21","215.74","4.21M","0.09%"
"05/23/2024","215.72","218.78","219.23","215.66","9.54M","-1.99%"
"05/22/2024","220.11","223.09","223.24","219.74","8.90M","-1.84%"
"05/21/2024","224.23","224.77","225.21","223.70","4.00M","-0.15%"
"05/20/2024","224.56","223.79","225.66","223.02","5.99M","0.40%"
"05/17/2024","223.66","222.18","223.85","221.67","10.48M","1.65%"
"05/16/2024","220.03","220.14","220.59","219.41","4.30M","-0.39%"
"05/15/2024","220.89","219.06","221.19","217.65","9.30M","1.28%"
"05/14/2024","218.09","217.31","218.38","216.98","4.66M","0.85%"
"05/13/2024","216.26","217.06","217.31","215.80","4.90M","-1.12%"
"05/10/2024","218.71","219.22","219.60","218.08","8.70M","0.81%"
"05/09/2024","216.95","214.48","216.95","214.44","7.73M","1.58%"
"05/08/2024","213.58","213.62","214.80","213.50","4.46M","-0.29%"
"05/07/2024","214.21","214.52","214.93","213.88","5.66M","-0.46%"
"05/06/2024","215.20","215.14","215.91","214.47","6.84M","1.05%"
"05/03/2024","212.96","212.89","213.23","210.71","8.68M","-0.08%"
"05/02/2024","213.13","211.90","213.71","211.49","6.29M","-0.31%"
"05/01/2024","213.79","212.96","215.50","212.41","10.37M","0.91%"
"04/30/2024","211.87","213.38","214.13","211.80","11.25M","-1.99%"
"04/29/2024","216.18","216.02","217.21","215.25","6.41M","-0.20%"
"04/26/2024","216.62","216.77","217.07","215.53","6.27M","0.32%"
"04/25/2024","215.92","214.47","217.05","214.34","6.61M","0.60%"
"04/24/2024","214.64","214.76","216.35","214.36","5.74M","-0.19%"
"04/23/2024","215.04","213.96","215.86","213.87","10.73M","-0.25%"
"04/22/2024","215.57","216.35","216.96","215.14","13.40M","-2.47%"
"04/19/2024","221.03","220.49","222.36","220.08","8.69M","0.31%"
"04/18/2024","220.34","221.31","221.46","219.31","6.50M","0.34%"
"04/17/2024","219.59","221.05","221.76","218.52","11.52M","-0.74%"
"04/16/2024","221.22","220.18","221.99","218.78","10.75M","0.12%"
"04/15/2024","220.95","217.94","221.03","215.16","13.24M","1.87%"
"04/12/2024","216.89","221.87","225.09","216.02","30.90M","-1.32%"
"04/11/2024","219.80","216.85","219.84","215.89","11.42M","1.94%"
"04/10/2024","215.61","215.37","217.78","214.68","13.32M","-0.95%"
"04/09/2024","217.67","217.81","218.86","216.45","13.08M","0.55%"
"04/08/2024","216.48","215.98","216.81","214.61","10.33M","0.62%"
"04/05/2024","215.14","212.49","215.74","212.22","13.38M","1.71%"
"04/04/2024","211.52","212.00","213.45","211.02","12.31M","-0.57%"
"04/03/2024","212.74","210.57","212.83","210.30","11.42M","0.88%"
"04/02/2024","210.89","209.07","211.03","208.36","13.42M","1.48%"
"04/01/2024","207.82","208.68","208.73","206.29","13.68M","1.02%"
"03/28/2024","205.72","204.54","206.05","203.87","9.19M","1.29%"
"03/27/2024","203.10","202.32","203.22","202.32","6.04M","0.72%"
"03/26/2024","201.64","202.65","202.76","201.07","5.75M","0.32%"
"03/25/2024","200.99","201.19","201.95","200.96","4.03M","0.32%"
"03/22/2024","200.35","201.32","201.86","199.71","6.92M","-0.80%"
"03/21/2024","201.97","203.88","203.92","200.60","7.40M","-0.10%"
"03/20/2024","202.18","199.16","202.66","199.12","9.59M","1.19%"
"03/19/2024","199.80","199.62","199.81","198.93","4.66M","-0.11%"
"03/18/2024","200.03","199.66","200.15","199.51","7.21M","0.16%"
"03/15/2024","199.71","199.94","200.63","199.57","4.56M","-0.32%"
"03/14/2024","200.35","200.37","200.47","199.34","6.87M","-0.42%"
"03/13/2024","201.19","200.44","201.86","200.35","5.93M","0.70%"
"03/12/2024","199.79","200.42","200.63","199.16","9.44M","-1.09%"
"03/11/2024","202.00","201.71","202.41","201.46","7.33M","0.18%"
"03/08/2024","201.63","200.89","203.30","200.45","13.54M","0.85%"
"03/07/2024","199.94","199.54","200.11","198.91","8.40M","0.57%"
"03/06/2024","198.81","198.08","199.30","197.44","10.46M","0.82%"
"03/05/2024","197.19","197.44","198.14","196.65","9.67M","0.60%"
"03/04/2024","196.01","194.15","196.33","193.88","12.22M","1.62%"
"03/01/2024","192.89","190.27","193.40","189.44","13.41M","1.89%"
"02/29/2024","189.31","189.64","189.92","189.23","6.85M","0.52%"
"02/28/2024","188.34","188.34","188.52","188.03","2.82M","0.18%"
"02/27/2024","188.00","188.58","188.72","187.88","5.17M","-0.11%"
"02/26/2024","188.20","187.79","188.36","187.53","4.49M","-0.22%"
"02/23/2024","188.62","187.56","189.18","187.46","6.83M","0.57%"
"02/22/2024","187.56","187.56","187.64","187.05","4.55M","0.04%"
"02/21/2024","187.48","187.88","188.04","187.10","5.79M","0.01%"
"02/20/2024","187.47","187.96","188.03","187.40","5.53M","0.61%"
"02/16/2024","186.34","185.08","186.67","184.84","6.52M","0.37%"
"02/15/2024","185.66","185.60","186.02","185.10","6.23M","0.67%"
"02/14/2024","184.42","184.27","184.88","183.78","7.03M","-0.06%"
"02/13/2024","184.53","185.35","185.38","184.33","9.53M","-1.38%"
"02/12/2024","187.11","186.60","187.27","186.36","4.71M","-0.26%"
"02/09/2024","187.60","187.56","187.77","187.14","4.41M","-0.39%"
"02/08/2024","188.33","187.91","188.53","187.82","3.87M","-0.09%"
"02/07/2024","188.50","188.45","189.39","188.28","6.28M","-0.03%"
"02/06/2024","188.55","187.94","188.85","187.74","4.87M","0.52%"
"02/05/2024","187.57","186.88","187.82","186.70","5.44M","-0.55%"
"02/02/2024","188.61","188.07","188.87","187.85","7.34M","-0.95%"
"02/01/2024","190.41","189.71","191.36","188.99","10.28M","1.04%"
"01/31/2024","188.45","189.37","190.46","188.13","7.89M","-0.07%"
"01/30/2024","188.59","189.70","189.83","187.98","4.98M","0.14%"
"01/29/2024","188.33","188.31","188.54","187.19","5.63M","0.71%"
"01/26/2024","187.01","187.27","187.38","186.76","5.06M","-0.07%"
"01/25/2024","187.14","187.34","187.64","186.46","4.65M","0.40%"
"01/24/2024","186.40","188.33","188.37","186.32","6.09M","-0.82%"
"01/23/2024","187.95","187.45","188.15","187.28","5.04M","0.39%"
"01/22/2024","187.22","187.23","187.76","186.85","4.40M","-0.38%"
"01/19/2024","187.93","188.26","188.30","187.44","5.72M","0.30%"
"01/18/2024","187.37","186.36","187.40","186.30","4.69M","0.82%"
"01/17/2024","185.84","187.31","187.42","185.45","8.64M","-1.10%"
"01/16/2024","187.91","189.15","189.26","187.54","6.55M","-0.95%"
"01/12/2024","189.71","190.67","191.08","189.16","6.83M","0.98%"
"01/11/2024","187.87","188.02","188.55","186.56","6.83M","0.20%"
"01/10/2024","187.50","188.14","188.44","187.21","4.50M","-0.23%"
"01/09/2024","187.93","188.68","188.78","187.73","4.44M","0.03%"
"01/08/2024","187.87","187.21","188.74","187.11","6.21M","-0.78%"
"01/05/2024","189.35","189.68","191.26","189.08","7.48M","0.02%"
"01/04/2024","189.32","189.08","189.75","188.69","4.42M","0.10%"
"01/03/2024","189.13","188.77","189.86","188.16","8.66M","-0.83%"
"01/02/2024","190.72","191.44","191.89","190.50","6.03M","-0.24%"
"12/29/2023","191.17","190.99","191.64","190.74","4.61M","-0.16%"
"12/28/2023","191.47","192.34","192.89","191.44","6.17M","-0.58%"
"12/27/2023","192.59","191.77","193.18","191.54","5.81M","0.45%"
"12/26/2023","191.72","190.97","191.74","190.40","4.50M","0.76%"
"12/22/2023","190.27","191.60","191.88","190.07","7.18M","0.44%"
"12/21/2023","189.43","189.21","189.62","188.75","4.62M","0.71%"
"12/20/2023","188.10","188.69","188.96","188.09","6.00M","-0.54%"
"12/19/2023","189.13","188.23","189.72","188.13","6.03M","0.68%"
"12/18/2023","187.85","187.50","188.49","187.24","5.36M","0.45%"
"12/15/2023","187.00","188.52","188.96","186.82","8.32M","-0.92%"
"12/14/2023","188.73","188.86","189.82","188.08","9.11M","0.59%"
"12/13/2023","187.63","183.82","187.66","183.38","10.64M","2.26%"
"12/12/2023","183.49","183.84","183.98","183.26","5.06M","-0.05%"
"12/11/2023","183.59","184.50","184.53","183.15","8.52M","-1.10%"
"12/08/2023","185.64","185.93","186.78","184.90","7.88M","-1.33%"
"12/07/2023","188.15","188.45","188.59","187.26","5.80M","0.17%"
"12/06/2023","187.84","188.32","188.46","187.50","5.78M","0.37%"
"12/05/2023","187.15","187.55","187.88","186.30","7.03M","-0.38%"
"12/04/2023","187.86","189.60","190.38","187.26","18.46M","-2.16%"
"12/01/2023","192.01","188.80","192.40","188.68","16.73M","1.73%"
"11/30/2023","188.75","188.89","189.24","188.28","7.56M","-0.42%"
"11/29/2023","189.54","189.16","189.99","189.02","8.41M","0.15%"
"11/28/2023","189.26","187.90","189.40","187.52","10.90M","1.33%"
"11/27/2023","186.77","186.56","186.80","185.93","6.32M","0.67%"
"11/24/2023","185.52","185.47","185.75","185.16","2.45M","0.52%"
"11/22/2023","184.56","185.47","185.72","184.27","4.34M","-0.43%"
"11/21/2023","185.35","185.57","186.12","185.07","7.32M","1.08%"
"11/20/2023","183.37","182.32","183.48","182.23","5.39M","-0.16%"
"11/17/2023","183.67","183.96","184.13","183.45","4.87M","-0.01%"
"11/16/2023","183.69","182.85","184.32","182.80","8.25M","1.13%"
"11/15/2023","181.64","182.03","182.18","181.31","4.91M","-0.26%"
"11/14/2023","182.12","181.70","182.75","181.62","6.83M","0.89%"
"11/13/2023","180.51","179.40","180.73","179.11","5.39M","0.56%"
"11/10/2023","179.51","180.51","180.59","179.24","7.61M","-1.09%"
"11/09/2023","181.49","180.98","182.28","180.89","6.49M","0.40%"
"11/08/2023","180.77","182.01","182.07","180.57","6.74M","-1.00%"
"11/07/2023","182.59","182.25","182.65","181.75","6.80M","-0.41%"
"11/06/2023","183.35","184.14","184.23","183.34","8.27M","-0.78%"
"11/03/2023","184.79","184.48","185.47","184.35","8.53M","0.36%"
"11/02/2023","184.12","184.13","184.28","183.50","7.34M","0.33%"
"11/01/2023","183.51","183.91","185.00","182.67","9.05M","-0.32%"
"10/31/2023","184.09","185.08","186.21","183.49","10.10M","-0.55%"
"10/30/2023","185.10","185.54","185.70","184.73","8.76M","-0.56%"
"10/27/2023","186.15","183.76","186.36","183.47","14.10M","1.16%"
"10/26/2023","184.01","183.40","184.49","182.87","7.67M","0.16%"
"10/25/2023","183.72","183.42","184.30","182.04","10.09M","0.42%"
"10/24/2023","182.95","182.07","183.40","181.68","6.59M","-0.01%"
"10/23/2023","182.97","183.51","183.56","182.71","9.48M","-0.34%"
"10/20/2023","183.59","183.43","185.23","183.09","12.79M","0.27%"
"10/19/2023","183.09","181.04","183.43","180.82","13.41M","1.23%"
"10/18/2023","180.87","180.89","182.02","179.75","13.92M","1.45%"
"10/17/2023","178.29","178.37","179.13","177.98","8.23M","0.19%"
"10/16/2023","177.96","177.84","178.33","177.54","8.39M","-0.49%"
"10/13/2023","178.83","176.89","179.10","176.72","18.80M","3.21%"
"10/12/2023","173.26","174.06","174.23","173.24","5.91M","-0.30%"
"10/11/2023","173.79","173.60","174.13","173.26","7.13M","0.73%"
"10/10/2023","172.53","172.08","172.79","171.90","5.84M","-0.17%"
"10/09/2023","172.82","171.18","172.86","171.07","10.20M","1.84%"
"10/06/2023","169.70","169.17","170.23","168.50","9.95M","0.52%"
"10/05/2023","168.83","168.74","169.00","168.30","6.97M","-0.18%"
"10/04/2023","169.14","169.21","169.41","168.50","10.03M","-0.01%"
"10/03/2023","169.16","169.14","170.08","168.74","11.46M","-0.29%"
"10/02/2023","169.65","170.23","170.46","169.50","12.71M","-1.05%"
"09/29/2023","171.45","173.92","174.03","171.26","10.43M","-1.03%"
"09/28/2023","173.23","173.91","174.13","172.32","10.06M","-0.50%"
"09/27/2023","174.10","175.27","175.32","173.70","10.92M","-1.24%"
"09/26/2023","176.28","176.82","177.14","176.16","7.18M","-0.80%"
"09/25/2023","177.70","178.41","178.71","177.64","5.58M","-0.52%"
"09/22/2023","178.62","178.65","178.95","178.51","3.64M","0.32%"
"09/21/2023","178.05","177.86","178.49","177.69","7.57M","-0.72%"
"09/20/2023","179.35","179.34","180.66","179.32","9.33M","0.07%"
"09/19/2023","179.22","179.54","179.65","179.03","4.23M","-0.09%"
"09/18/2023","179.39","178.82","179.41","178.38","5.05M","0.59%"
"09/15/2023","178.34","178.55","179.10","178.34","5.62M","0.66%"
"09/14/2023","177.17","176.50","177.39","176.36","6.18M","0.05%"
"09/13/2023","177.08","177.53","177.75","177.04","3.87M","-0.23%"
"09/12/2023","177.49","177.11","177.70","177.05","4.45M","-0.52%"
"09/11/2023","178.41","178.97","179.07","178.26","3.69M","0.19%"
"09/08/2023","178.08","178.36","179.04","177.90","3.29M","0.03%"
"09/07/2023","178.02","178.31","178.37","177.90","3.26M","0.11%"
"09/06/2023","177.83","178.33","179.01","177.70","6.43M","-0.45%"
"09/05/2023","178.64","179.33","179.44","178.64","7.06M","-0.82%"
"09/01/2023","180.11","180.80","181.12","179.51","4.97M","0.05%"
"08/31/2023","180.02","180.37","180.49","179.94","4.80M","-0.17%"
"08/30/2023","180.32","180.58","180.88","180.29","6.59M","0.25%"
"08/29/2023","179.87","178.03","179.88","177.90","7.58M","0.98%"
"08/28/2023","178.13","177.65","178.73","177.51","4.74M","0.29%"
"08/25/2023","177.62","177.58","178.38","176.63","6.13M","-0.13%"
"08/24/2023","177.85","177.66","178.49","177.41","5.53M","-0.02%"
"08/23/2023","177.89","177.32","178.22","177.07","7.95M","1.02%"
"08/22/2023","176.10","175.83","176.25","175.31","5.89M","0.16%"
"08/21/2023","175.81","175.90","175.94","174.96","4.21M","0.27%"
"08/18/2023","175.33","175.83","176.05","175.10","6.25M","0.02%"
"08/17/2023","175.30","176.53","176.56","174.93","7.94M","-0.15%"
"08/16/2023","175.57","176.62","176.95","175.56","6.56M","-0.58%"
"08/15/2023","176.59","176.75","177.43","176.33","7.58M","-0.27%"
"08/14/2023","177.06","176.86","177.58","176.58","9.55M","-0.30%"
"08/11/2023","177.60","177.70","178.36","177.49","5.29M","0.00%"
"08/10/2023","177.60","178.22","178.70","177.54","5.93M","-0.11%"
"08/09/2023","177.79","178.68","178.92","177.78","4.64M","-0.48%"
"08/08/2023","178.64","178.64","179.33","178.46","6.16M","-0.63%"
"08/07/2023","179.78","180.15","180.15","179.27","4.51M","-0.23%"
"08/04/2023","180.19","180.25","180.77","179.85","5.33M","0.36%"
"08/03/2023","179.54","179.44","179.95","179.28","4.64M","-0.03%"
"08/02/2023","179.60","180.57","180.79","179.41","6.35M","-0.48%"
"08/01/2023","180.46","180.85","181.38","180.19","6.29M","-1.04%"
"07/31/2023","182.35","182.43","183.09","182.31","5.50M","0.27%"
"07/28/2023","181.86","181.48","182.27","181.25","3.83M","0.80%"
"07/27/2023","180.42","181.64","181.64","180.32","7.59M","-1.57%"
"07/26/2023","183.30","182.66","183.64","182.31","6.16M","0.49%"
"07/25/2023","182.41","181.72","182.47","181.10","4.09M","0.56%"
"07/24/2023","181.40","182.22","182.54","181.34","4.37M","-0.43%"
"07/21/2023","182.18","182.06","182.46","181.68","3.85M","-0.31%"
"07/20/2023","182.74","183.73","183.77","182.47","4.97M","-0.51%"
"07/19/2023","183.67","183.45","183.84","182.87","3.91M","0.02%"
"07/18/2023","183.64","182.79","184.23","182.32","8.24M","1.15%"
"07/17/2023","181.56","180.99","181.63","180.64","4.15M","0.07%"
"07/14/2023","181.43","181.59","182.17","181.11","5.39M","-0.32%"
"07/13/2023","182.01","181.96","182.15","181.49","4.53M","0.07%"
"07/12/2023","181.88","181.18","181.95","181.10","7.06M","1.35%"
"07/11/2023","179.45","179.43","179.71","179.13","2.82M","0.37%"
"07/10/2023","178.78","178.37","178.92","178.26","3.32M","0.08%"
"07/07/2023","178.64","178.38","179.65","178.35","5.20M","0.75%"
"07/06/2023","177.31","177.51","177.80","176.66","5.13M","-0.30%"
"07/05/2023","177.84","179.41","179.42","177.82","5.65M","-0.35%"
"07/03/2023","178.47","178.61","179.34","178.46","4.09M","0.11%"
"06/30/2023","178.27","177.69","178.53","177.32","6.42M","0.67%"
"06/29/2023","177.09","175.83","177.63","175.79","6.86M","-0.11%"
"06/28/2023","177.28","177.23","177.68","176.70","5.87M","-0.23%"
"06/27/2023","177.69","179.07","179.29","177.43","5.04M","-0.46%"
"06/26/2023","178.51","179.05","179.07","178.42","3.22M","0.17%"
"06/23/2023","178.20","179.60","179.95","178.09","5.42M","0.28%"
"06/22/2023","177.71","178.36","178.99","177.63","7.95M","-0.99%"
"06/21/2023","179.49","179.15","179.95","178.19","6.70M","-0.14%"
"06/20/2023","179.75","180.06","180.09","179.22","7.59M","-1.04%"
"06/16/2023","181.63","181.93","182.62","181.41","8.78M","-0.15%"
"06/15/2023","181.91","180.28","182.05","180.18","6.74M","0.70%"
"06/14/2023","180.64","181.69","181.96","180.14","6.81M","0.06%"
"06/13/2023","180.54","182.10","182.43","180.16","5.13M","-0.74%"
"06/12/2023","181.88","181.80","181.94","181.04","4.88M","-0.09%"
"06/09/2023","182.04","182.36","182.79","181.72","4.38M","-0.27%"
"06/08/2023","182.53","182.00","183.04","181.96","6.39M","1.32%"
"06/07/2023","180.15","181.94","183.00","180.15","9.07M","-1.20%"
"06/06/2023","182.34","182.36","182.65","181.52","4.97M","0.11%"
"06/05/2023","182.14","180.79","182.44","180.60","6.40M","0.60%"
"06/02/2023","181.05","183.53","183.56","180.96","8.73M","-1.47%"
"06/01/2023","183.76","182.81","184.21","182.72","7.30M","0.79%"
"05/31/2023","182.32","182.39","183.45","182.10","8.50M","0.15%"
"05/30/2023","182.04","181.72","182.40","181.17","4.91M","0.62%"
"05/26/2023","180.92","181.01","181.30","180.09","5.82M","0.40%"
"05/25/2023","180.20","181.18","181.31","180.10","6.92M","-0.96%"
"05/24/2023","181.95","183.54","183.54","181.77","6.73M","-0.81%"
"05/23/2023","183.43","182.78","183.76","182.48","6.35M","0.12%"
"05/22/2023","183.21","183.22","183.84","182.91","4.83M","-0.23%"
"05/19/2023","183.64","182.25","184.34","181.81","8.43M","0.99%"
"05/18/2023","181.84","182.10","182.28","181.34","8.81M","-1.30%"
"05/17/2023","184.23","184.30","184.45","183.48","7.47M","-0.35%"
"05/16/2023","184.87","186.58","186.82","184.46","9.53M","-1.25%"
"05/15/2023","187.21","187.30","187.88","187.03","5.52M","0.21%"
"05/12/2023","186.81","187.43","187.92","186.58","7.09M","-0.17%"
"05/11/2023","187.13","188.44","188.81","186.86","8.25M","-0.86%"
"05/10/2023","188.75","188.98","189.64","187.82","9.39M","-0.14%"
"05/09/2023","189.02","188.12","189.33","188.07","7.10M","0.71%"
"05/08/2023","187.69","187.82","188.67","187.49","6.08M","0.12%"
"05/05/2023","187.46","186.56","187.58","185.77","12.51M","-1.56%"
"05/04/2023","190.44","188.86","191.36","188.81","14.15M","0.70%"
"05/03/2023","189.11","187.61","189.21","186.93","11.13M","0.85%"
"05/02/2023","187.52","184.65","187.64","184.51","13.55M","1.93%"
"05/01/2023","183.97","186.05","186.22","183.91","8.00M","-0.45%"
"04/28/2023","184.80","184.79","185.38","184.17","6.70M","0.03%"
"04/27/2023","184.75","183.90","184.99","183.38","9.11M","0.01%"
"04/26/2023","184.74","186.63","186.65","184.30","8.20M","-0.54%"
"04/25/2023","185.75","184.84","186.22","184.30","8.45M","0.51%"
"04/24/2023","184.81","184.07","185.02","183.46","8.30M","0.30%"
"04/21/2023","184.25","184.98","185.68","183.22","10.70M","-0.99%"
"04/20/2023","186.09","186.14","187.03","185.78","5.79M","0.39%"
"04/19/2023","185.36","184.35","185.58","184.28","7.37M","-0.48%"
"04/18/2023","186.25","185.24","186.99","185.04","8.06M","0.39%"
"04/17/2023","185.53","185.89","185.93","184.10","7.47M","-0.45%"
"04/14/2023","186.36","188.08","188.49","185.17","13.27M","-1.77%"
"04/13/2023","189.72","189.76","190.41","188.99","14.06M","1.35%"
"04/12/2023","187.19","187.54","187.66","185.97","10.00M","0.49%"
"04/11/2023","186.28","185.90","186.51","185.63","6.03M","0.63%"
"04/10/2023","185.11","185.18","185.36","184.19","6.41M","-0.74%"
"04/06/2023","186.49","186.89","187.26","185.95","6.65M","-0.71%"
"04/05/2023","187.83","188.34","188.86","186.78","11.44M","-0.08%"
"04/04/2023","187.98","184.72","188.23","184.66","13.77M","1.86%"
"04/03/2023","184.54","183.85","185.04","183.32","9.21M","0.72%"
"03/31/2023","183.22","184.11","184.42","182.80","8.00M","-0.52%"
"03/30/2023","184.18","182.75","184.44","182.55","6.36M","0.90%"
"03/29/2023","182.53","182.49","183.27","182.24","5.00M","-0.50%"
"03/28/2023","183.44","182.31","183.62","182.12","6.20M","0.82%"
"03/27/2023","181.95","181.15","182.15","180.69","6.93M","-0.93%"
"03/24/2023","183.65","185.61","185.99","183.62","9.25M","-1.13%"
"03/23/2023","185.74","183.91","186.24","183.60","11.35M","1.25%"
"03/22/2023","183.44","180.40","183.94","180.28","11.97M","1.70%"
"03/21/2023","180.37","182.65","182.73","179.90","10.73M","-1.89%"
"03/20/2023","183.84","184.19","184.54","182.74","11.85M","0.04%"
"03/17/2023","183.77","181.02","184.81","180.77","24.16M","2.91%"
"03/16/2023","178.57","179.51","179.65","177.87","10.76M","0.20%"
"03/15/2023","178.21","178.86","180.13","177.49","14.55M","0.78%"
"03/14/2023","176.83","177.35","177.59","176.21","10.02M","-0.58%"
"03/13/2023","177.86","176.66","178.02","176.30","20.55M","2.29%"
"03/10/2023","173.87","171.93","173.88","171.92","13.80M","2.16%"
"03/09/2023","170.20","169.75","170.65","169.71","5.58M","0.98%"
"03/08/2023","168.54","168.61","169.59","168.52","5.72M","-0.05%"
"03/07/2023","168.62","170.42","170.47","168.52","8.71M","-1.75%"
"03/06/2023","171.62","172.32","172.37","171.54","4.26M","-0.50%"
"03/03/2023","172.49","171.45","172.60","170.98","6.89M","1.07%"
"03/02/2023","170.66","170.52","170.98","170.36","3.95M","-0.06%"
"03/01/2023","170.76","170.95","171.49","170.47","6.59M","0.58%"
"02/28/2023","169.78","168.78","170.25","168.59","6.76M","0.46%"
"02/27/2023","169.01","168.88","169.23","168.55","4.51M","0.39%"
"02/24/2023","168.35","168.42","168.84","168.19","6.50M","-0.72%"
"02/23/2023","169.57","169.84","170.13","169.08","5.07M","-0.05%"
"02/22/2023","169.66","170.81","170.96","169.56","4.11M","-0.56%"
"02/21/2023","170.62","171.20","171.50","170.34","4.04M","-0.37%"
"02/17/2023","171.26","169.87","171.47","169.52","4.81M","0.30%"
"02/16/2023","170.75","170.34","171.60","169.96","4.54M","-0.08%"
"02/15/2023","170.89","170.60","170.99","170.16","5.44M","-1.00%"
"02/14/2023","172.61","171.97","173.51","171.41","5.40M","0.08%"
"02/13/2023","172.48","172.70","172.90","172.07","3.97M","-0.51%"
"02/10/2023","173.36","173.63","173.68","172.63","2.97M","0.19%"
"02/09/2023","173.03","175.49","175.52","172.87","5.36M","-0.79%"
"02/08/2023","174.41","174.94","174.99","173.83","4.08M","0.25%"
"02/07/2023","173.98","173.72","175.27","173.47","6.79M","0.09%"
"02/06/2023","173.82","174.11","174.46","173.28","8.96M","0.21%"
"02/03/2023","173.46","174.92","175.43","173.12","13.67M","-2.50%"
"02/02/2023","177.90","181.08","181.11","177.74","8.84M","-2.08%"
"02/01/2023","181.67","179.75","181.73","178.63","8.00M","1.26%"
"01/31/2023","179.41","178.82","179.70","178.54","5.98M","0.36%"
"01/30/2023","178.76","179.29","179.43","178.65","4.21M","-0.26%"
"01/27/2023","179.22","179.27","179.72","178.26","6.05M","-0.14%"
"01/26/2023","179.47","180.15","180.26","178.46","5.86M","-0.91%"
"01/25/2023","181.11","179.35","181.22","179.29","6.93M","0.46%"
"01/24/2023","180.28","179.56","180.32","178.35","4.60M","0.36%"
"01/23/2023","179.63","178.35","179.69","177.78","5.27M","0.19%"
"01/20/2023","179.29","179.06","179.66","178.65","5.75M","-0.33%"
"01/19/2023","179.89","178.37","180.03","178.09","6.68M","1.59%"
"01/18/2023","177.08","178.92","179.18","176.90","5.38M","-0.29%"
"01/17/2023","177.59","178.21","178.24","177.09","6.61M","-0.65%"
"01/13/2023","178.76","176.96","178.82","176.89","7.47M","1.20%"
"01/12/2023","176.64","176.01","176.71","174.88","6.94M","1.16%"
"01/11/2023","174.62","174.76","174.79","173.72","3.37M","-0.07%"
"01/10/2023","174.74","174.61","174.98","174.06","4.40M","0.37%"
"01/09/2023","174.10","174.51","175.04","173.88","5.13M","0.22%"
"01/06/2023","173.71","171.76","173.96","171.23","7.89M","1.87%"
"01/05/2023","170.52","170.82","171.00","169.79","4.69M","-1.25%"
"01/04/2023","172.67","172.86","173.09","171.85","7.57M","0.94%"
"01/03/2023","171.06","171.32","172.09","170.02","7.99M","0.84%"
"12/30/2022","169.64","169.26","169.90","168.79","2.86M","0.47%"
"12/29/2022","168.85","168.54","169.35","168.52","3.35M","0.56%"
"12/28/2022","167.91","168.05","168.34","167.10","3.66M","-0.45%"
"12/27/2022","168.67","167.89","170.61","167.80","6.89M","0.84%"
"12/23/2022","167.26","166.88","167.79","166.66","2.91M","0.30%"
"12/22/2022","166.76","167.76","167.76","166.06","5.67M","-1.21%"
"12/21/2022","168.80","169.04","169.71","168.68","3.99M","-0.17%"
"12/20/2022","169.08","168.10","169.53","168.03","7.80M","1.66%"
"12/19/2022","166.32","166.71","167.11","165.99","3.94M","-0.28%"
"12/16/2022","166.79","166.02","166.98","165.84","5.37M","0.87%"
"12/15/2022","165.35","165.73","166.21","165.10","8.37M","-1.64%"
"12/14/2022","168.10","168.43","168.81","167.14","5.64M","-0.24%"
"12/13/2022","168.51","169.21","169.79","168.02","6.75M","1.71%"
"12/12/2022","165.68","166.44","166.60","165.43","3.50M","-0.83%"
"12/09/2022","167.06","167.26","168.09","166.60","5.43M","0.35%"
"12/08/2022","166.47","166.58","167.04","166.07","3.22M","0.08%"
"12/07/2022","166.33","165.47","166.64","165.32","4.61M","0.90%"
"12/06/2022","164.84","165.20","165.54","164.45","3.60M","0.27%"
"12/05/2022","164.39","166.55","166.72","164.32","5.44M","-1.72%"
"12/02/2022","167.26","166.18","167.47","165.76","5.19M","-0.35%"
"12/01/2022","167.84","167.48","167.95","166.98","8.63M","1.84%"
"11/30/2022","164.81","163.69","164.81","162.40","4.87M","1.28%"
"11/29/2022","162.73","162.70","163.63","162.60","2.62M","0.49%"
"11/28/2022","161.93","162.93","163.06","161.91","4.05M","-0.79%"
"11/25/2022","163.22","162.85","163.43","162.76","1.44M","0.09%"
"11/23/2022","163.08","161.69","163.24","161.56","4.17M","0.62%"
"11/22/2022","162.07","162.30","162.60","161.72","3.20M","0.12%"
"11/21/2022","161.88","162.44","162.50","161.28","4.77M","-0.56%"
"11/18/2022","162.79","163.38","163.69","162.68","4.32M","-0.69%"
"11/17/2022","163.92","163.79","164.11","163.40","4.58M","-0.73%"
"11/16/2022","165.12","165.41","165.71","164.83","3.65M","-0.23%"
"11/15/2022","165.50","165.27","166.23","164.56","9.90M","0.35%"
"11/14/2022","164.92","164.20","165.24","164.15","6.19M","0.22%"
"11/11/2022","164.56","163.91","164.58","163.42","4.62M","0.66%"
"11/10/2022","163.48","162.01","163.51","161.65","9.94M","3.04%"
"11/09/2022","158.65","159.36","160.35","158.45","6.04M","-0.50%"
"11/08/2022","159.45","155.99","159.87","155.98","11.30M","2.31%"
"11/07/2022","155.85","156.22","156.57","155.81","4.43M","-0.40%"
"11/04/2022","156.47","154.95","156.60","154.66","7.69M","3.07%"
"11/03/2022","151.81","150.70","151.96","150.57","5.38M","-0.38%"
"11/02/2022","152.39","154.16","155.42","152.26","7.22M","-0.70%"
"11/01/2022","153.46","153.82","153.98","152.87","4.60M","1.02%"
"10/31/2022","151.91","152.16","152.87","151.89","6.10M","-0.82%"
"10/28/2022","153.16","152.96","153.54","152.50","4.65M","-1.02%"
"10/27/2022","154.74","154.71","155.09","154.22","3.65M","-0.15%"
"10/26/2022","154.98","154.78","155.73","154.78","4.45M","0.64%"
"10/25/2022","154.00","153.96","154.79","153.83","3.43M","0.23%"
"10/24/2022","153.65","153.45","154.06","153.06","4.67M","-0.32%"
"10/21/2022","154.15","151.98","154.31","151.83","6.90M","1.78%"
"10/20/2022","151.45","151.92","153.23","151.27","5.02M","-0.16%"
"10/19/2022","151.69","152.09","152.49","151.54","8.26M","-1.34%"
"10/18/2022","153.75","154.08","154.24","153.24","4.53M","0.22%"
"10/17/2022","153.42","154.92","155.33","153.32","4.35M","0.29%"
"10/14/2022","152.98","154.02","154.20","152.72","5.47M","-1.25%"
"10/13/2022","154.91","153.48","155.73","152.92","7.08M","-0.69%"
"10/12/2022","155.99","155.51","156.29","155.26","4.00M","0.53%"
"10/11/2022","155.16","155.49","156.81","154.92","5.31M","-0.21%"
"10/10/2022","155.48","155.94","156.35","155.12","6.11M","-1.52%"
"10/07/2022","157.88","158.46","158.98","157.68","5.03M","-1.10%"
"10/06/2022","159.63","159.41","159.94","158.95","5.71M","-0.11%"
"10/05/2022","159.81","159.32","160.08","158.38","5.30M","-0.55%"
"10/04/2022","160.70","159.18","161.08","158.92","8.02M","1.43%"
"10/03/2022","158.43","155.44","158.48","155.23","10.36M","2.43%"
"09/30/2022","154.67","154.94","156.04","154.57","6.83M","0.01%"
"09/29/2022","154.66","154.14","155.03","153.16","6.32M","-0.02%"
"09/28/2022","154.69","153.20","154.88","152.93","8.98M","2.08%"
"09/27/2022","151.54","152.25","152.73","151.50","7.15M","0.20%"
"09/26/2022","151.23","153.22","153.51","151.03","8.24M","-1.16%"
"09/23/2022","153.01","153.90","154.00","152.64","9.60M","-1.73%"
"09/22/2022","155.70","156.26","156.48","155.31","5.98M","-0.06%"
"09/21/2022","155.79","155.97","157.25","154.01","7.82M","0.46%"
"09/20/2022","155.07","155.03","155.23","154.59","5.94M","-0.57%"
"09/19/2022","155.96","154.87","156.04","154.82","5.58M","0.08%"
"09/16/2022","155.84","154.66","156.56","154.34","7.14M","0.55%"
"09/15/2022","154.98","156.76","157.49","154.62","13.18M","-1.87%"
"09/14/2022","157.93","158.68","158.98","157.73","6.09M","-0.38%"
"09/13/2022","158.54","158.47","159.27","158.39","6.53M","-1.30%"
"09/12/2022","160.63","161.04","161.62","160.55","4.54M","0.51%"
"09/09/2022","159.82","159.72","160.24","159.41","3.93M","0.53%"
"09/08/2022","158.98","159.54","159.86","158.71","4.61M","-0.60%"
"09/07/2022","159.94","158.15","160.15","158.08","3.98M","1.02%"
"09/06/2022","158.33","159.17","159.46","158.32","4.86M","-0.58%"
"09/02/2022","159.26","159.35","160.06","159.14","5.20M","0.88%"
"09/01/2022","157.87","158.17","158.39","157.32","7.39M","-0.88%"
"08/31/2022","159.27","159.50","160.57","159.26","5.44M","-0.77%"
"08/30/2022","160.51","161.27","161.43","160.34","4.86M","-0.83%"
"08/29/2022","161.86","161.88","162.62","161.70","4.70M","0.06%"
"08/26/2022","161.76","163.12","163.61","161.55","6.69M","-1.22%"
"08/25/2022","163.75","163.97","163.99","163.24","2.86M","0.31%"
"08/24/2022","163.25","162.44","163.61","162.37","3.20M","0.29%"
"08/23/2022","162.77","161.96","163.43","161.91","4.43M","0.70%"
"08/22/2022","161.64","161.66","162.12","161.36","4.46M","-0.66%"
"08/19/2022","162.72","163.65","163.74","162.62","8.17M","-0.73%"
"08/18/2022","163.92","164.60","164.91","163.54","3.65M","-0.26%"
"08/17/2022","164.35","165.21","165.23","163.95","5.57M","-0.65%"
"08/16/2022","165.42","165.31","165.72","165.18","4.29M","-0.18%"
"08/15/2022","165.71","165.99","166.25","165.44","5.24M","-1.29%"
"08/12/2022","167.87","167.17","167.94","166.83","5.15M","0.92%"
"08/11/2022","166.34","167.16","167.66","166.31","4.45M","-0.26%"
"08/10/2022","166.78","167.39","167.98","166.62","4.08M","-0.25%"
"08/09/2022","167.20","167.48","167.80","166.82","3.21M","0.31%"
"08/08/2022","166.69","166.03","166.81","165.93","3.46M","0.85%"
"08/05/2022","165.29","164.99","165.84","164.87","6.02M","-1.12%"
"08/04/2022","167.17","165.53","167.31","165.34","5.50M","1.65%"
"08/03/2022","164.45","164.77","164.91","163.48","4.42M","0.24%"
"08/02/2022","164.05","165.66","166.46","164.02","5.73M","-0.59%"
"08/01/2022","165.03","164.98","165.41","164.41","4.67M","0.57%"
"07/29/2022","164.10","163.89","164.69","163.28","7.54M","0.28%"
"07/28/2022","163.64","163.31","163.76","162.88","5.61M","1.22%"
"07/27/2022","161.67","160.02","162.21","159.51","5.71M","1.02%"
"07/26/2022","160.04","160.23","160.50","159.79","2.67M","-0.12%"
"07/25/2022","160.23","160.64","160.70","159.81","3.71M","-0.27%"
"07/22/2022","160.67","160.55","162.13","160.35","5.73M","0.25%"
"07/21/2022","160.27","158.31","160.31","158.27","5.86M","1.41%"
"07/20/2022","158.04","159.71","159.82","158.02","4.80M","-0.94%"
"07/19/2022","159.54","159.47","159.87","159.33","3.80M","0.24%"
"07/18/2022","159.16","160.08","160.43","159.05","5.79M","0.09%"
"07/15/2022","159.01","159.01","159.25","158.35","6.78M","-0.20%"
"07/14/2022","159.33","159.02","159.83","158.22","12.21M","-1.40%"
"07/13/2022","161.60","160.10","162.71","160.06","8.46M","0.48%"
"07/12/2022","160.83","161.22","161.62","160.72","5.38M","-0.37%"
"07/11/2022","161.43","161.93","162.43","161.38","4.32M","-0.54%"
"07/08/2022","162.30","162.35","163.38","161.84","4.58M","0.04%"
"07/07/2022","162.23","162.43","163.04","162.06","4.59M","0.06%"
"07/06/2022","162.14","164.32","164.57","161.47","11.86M","-1.58%"
"07/05/2022","164.75","167.18","167.33","164.41","14.04M","-2.12%"
"07/01/2022","168.32","167.13","168.68","166.96","11.38M","-0.08%"
"06/30/2022","168.46","169.51","169.96","168.24","9.14M","-0.61%"
"06/29/2022","169.49","170.58","170.70","169.17","4.79M","-0.08%"
"06/28/2022","169.62","170.07","170.21","169.51","2.98M","-0.16%"
"06/27/2022","169.90","170.60","170.67","169.75","5.72M","-0.11%"
"06/24/2022","170.09","170.24","170.74","169.85","6.14M","-0.10%"
"06/23/2022","170.26","171.39","172.13","169.90","6.54M","-0.61%"
"06/22/2022","171.31","171.61","172.30","171.10","6.56M","0.40%"
"06/21/2022","170.63","171.06","171.91","170.47","5.61M","-0.37%"
"06/17/2022","171.27","172.15","172.30","170.97","7.41M","-0.82%"
"06/16/2022","172.69","170.56","172.77","170.17","8.82M","1.12%"
"06/15/2022","170.77","170.40","171.84","169.08","9.00M","1.31%"
"06/14/2022","168.57","169.61","169.73","168.30","7.35M","-0.80%"
"06/13/2022","169.93","171.18","171.34","169.61","13.27M","-2.64%"
"06/10/2022","174.54","170.89","174.94","170.46","16.86M","1.34%"
"06/09/2022","172.23","172.45","172.59","171.58","4.70M","-0.32%"
"06/08/2022","172.78","172.89","173.45","172.67","5.14M","-0.09%"
"06/07/2022","172.94","172.11","173.05","171.99","3.86M","0.65%"
"06/06/2022","171.82","172.81","172.89","171.65","3.77M","-0.44%"
"06/03/2022","172.58","173.53","173.96","172.25","5.52M","-1.02%"
"06/02/2022","174.35","173.66","174.45","173.49","5.62M","1.23%"
"06/01/2022","172.23","172.21","172.53","171.39","6.95M","0.64%"
"05/31/2022","171.14","172.71","173.07","171.08","6.24M","-0.99%"
"05/27/2022","172.85","173.49","173.52","172.64","3.85M","0.05%"
"05/26/2022","172.76","172.13","172.93","171.76","6.47M","-0.18%"
"05/25/2022","173.08","172.79","173.16","171.73","4.60M","-0.60%"
"05/24/2022","174.13","173.47","174.41","173.35","6.79M","0.75%"
"05/23/2022","172.83","173.13","173.38","172.28","5.52M","0.47%"
"05/20/2022","172.03","171.71","172.24","170.89","6.58M","0.07%"
"05/19/2022","171.91","171.55","172.52","170.89","10.58M","1.47%"
"05/18/2022","169.42","169.01","170.21","168.81","7.47M","0.05%"
"05/17/2022","169.33","170.44","170.53","169.14","6.44M","-0.63%"
"05/16/2022","170.40","168.43","170.43","168.34","7.32M","0.95%"
"05/13/2022","168.79","168.31","169.62","168.01","13.03M","-0.81%"
"05/12/2022","170.17","172.07","172.40","169.90","11.56M","-1.53%"
"05/11/2022","172.82","172.51","173.32","172.20","9.16M","0.82%"
"05/10/2022","171.42","173.80","173.96","171.20","11.00M","-0.84%"
"05/09/2022","172.88","174.27","174.27","172.79","10.74M","-1.45%"
"05/06/2022","175.42","175.39","176.56","174.86","7.64M","0.17%"
"05/05/2022","175.13","177.56","177.61","174.66","12.79M","-0.38%"
"05/04/2022","175.80","174.32","176.35","173.67","10.49M","0.98%"
"05/03/2022","174.09","173.89","175.21","173.85","7.21M","0.26%"
"05/02/2022","173.63","173.61","174.65","172.98","14.32M","-1.85%"
"04/29/2022","176.91","178.07","178.60","176.72","7.72M","-0.01%"
"04/28/2022","176.93","175.92","176.96","175.69","6.38M","0.54%"
"04/27/2022","175.98","176.46","176.64","175.50","8.85M","-0.76%"
"04/26/2022","177.32","177.95","178.30","176.91","9.04M","0.15%"
"04/25/2022","177.05","177.15","177.51","176.49","12.95M","-1.80%"
"04/22/2022","180.29","180.72","181.60","179.74","9.15M","-0.97%"
"04/21/2022","182.06","181.77","182.32","180.77","9.64M","-0.36%"
"04/20/2022","182.71","181.59","182.72","181.35","7.04M","0.49%"
"04/19/2022","181.82","183.19","183.65","181.33","12.38M","-1.51%"
"04/18/2022","184.61","185.95","186.10","184.39","8.89M","0.31%"
"04/14/2022","184.04","184.28","184.41","182.88","11.57M","-0.33%"
"04/13/2022","184.65","184.50","184.94","184.13","8.63M","0.48%"
"04/12/2022","183.77","184.04","184.64","182.96","11.97M","0.77%"
"04/11/2022","182.37","183.17","183.33","181.11","10.02M","0.50%"
"04/08/2022","181.47","180.52","181.82","180.52","10.66M","0.63%"
"04/07/2022","180.34","179.87","180.88","179.80","10.12M","0.38%"
"04/06/2022","179.66","179.78","180.31","178.70","8.94M","0.23%"
"04/05/2022","179.24","180.91","181.49","178.93","10.79M","-0.63%"
"04/04/2022","180.37","180.24","180.81","179.58","7.01M","0.48%"
"04/01/2022","179.50","179.55","180.46","178.98","13.03M","-0.64%"
"03/31/2022","180.65","180.91","181.96","180.56","9.68M","0.04%"
"03/30/2022","180.58","179.76","180.92","179.68","8.26M","0.80%"
"03/29/2022","179.14","177.02","179.33","176.69","10.16M","0.04%"
"03/28/2022","179.06","180.38","181.32","178.85","9.33M","-1.82%"
"03/25/2022","182.38","181.81","183.13","181.35","7.91M","-0.41%"
"03/24/2022","183.13","182.35","183.51","181.77","10.51M","0.73%"
"03/23/2022","181.81","180.29","181.89","179.76","12.53M","1.37%"
"03/22/2022","179.36","179.60","179.71","178.32","9.62M","-0.73%"
"03/21/2022","180.67","179.33","181.29","179.32","10.58M","0.76%"
"03/18/2022","179.30","179.93","180.93","179.04","14.00M","-0.88%"
"03/17/2022","180.89","181.16","182.03","180.65","10.89M","0.49%"
"03/16/2022","180.01","179.13","180.12","176.87","17.38M","0.63%"
"03/15/2022","178.89","179.10","180.27","178.01","16.94M","-1.87%"
"03/14/2022","182.30","183.03","183.29","181.95","13.19M","-1.51%"
"03/11/2022","185.09","183.74","185.78","183.44","14.82M","-0.70%"
"03/10/2022","186.40","186.88","187.38","184.99","17.55M","0.31%"
"03/09/2022","185.82","186.04","187.23","184.76","26.80M","-2.97%"
"03/08/2022","191.51","188.35","193.30","188.26","47.26M","2.74%"
"03/07/2022","186.41","184.45","186.64","184.22","26.97M","1.49%"
"03/04/2022","183.68","182.11","183.98","181.36","22.41M","1.59%"
"03/03/2022","180.80","179.96","181.30","179.50","15.16M","0.60%"
"03/02/2022","179.73","180.13","180.71","178.79","19.62M","-1.04%"
"03/01/2022","181.62","179.05","181.76","179.03","21.67M","1.82%"
"02/28/2022","178.38","178.86","178.99","176.50","15.98M","1.04%"
"02/25/2022","176.55","176.42","176.79","175.79","11.53M","-0.33%"
"02/24/2022","177.14","182.59","182.60","175.27","32.37M","-0.65%"
"02/23/2022","178.29","177.39","178.39","177.36","11.67M","0.45%"
"02/22/2022","177.49","177.67","178.07","176.82","14.81M","0.21%"
"02/18/2022","177.12","177.07","177.25","176.51","12.76M","-0.07%"
"02/17/2022","177.25","176.70","177.53","176.39","18.56M","1.37%"
"02/16/2022","174.86","173.49","174.86","173.48","12.70M","1.03%"
"02/15/2022","173.08","173.10","173.34","172.39","12.39M","-0.95%"
"02/14/2022","174.74","173.78","175.00","173.68","13.38M","0.54%"
"02/11/2022","173.81","170.75","174.20","170.71","25.74M","1.91%"
"02/10/2022","170.56","170.52","171.99","170.46","10.51M","-0.38%"
"02/09/2022","171.21","170.68","171.42","170.55","7.77M","0.34%"
"02/08/2022","170.63","170.10","170.78","169.95","5.80M","0.31%"
"02/07/2022","170.11","169.45","170.30","169.19","7.76M","0.74%"
"02/04/2022","168.86","168.04","169.10","167.99","9.62M","0.15%"
"02/03/2022","168.60","168.31","168.82","167.03","10.61M","-0.14%"
"02/02/2022","168.84","168.34","169.12","168.15","8.95M","0.36%"
"02/01/2022","168.23","168.57","168.85","167.87","9.73M","0.08%"
"01/31/2022","168.09","167.79","168.14","167.46","8.33M","0.59%"
"01/28/2022","167.10","166.56","167.46","166.37","9.78M","-0.30%"
"01/27/2022","167.60","168.02","169.09","167.32","15.58M","-1.29%"
"01/26/2022","169.79","171.39","171.73","169.48","17.63M","-1.62%"
"01/25/2022","172.58","171.95","173.15","171.77","16.94M","0.32%"
"01/24/2022","172.03","171.78","172.14","170.85","14.99M","0.55%"
"01/21/2022","171.09","172.04","172.12","170.74","10.98M","-0.33%"
"01/20/2022","171.65","172.31","172.60","171.59","9.49M","-0.25%"
"01/19/2022","172.08","170.39","172.19","170.20","15.73M","1.59%"
"01/18/2022","169.39","169.64","170.01","169.09","9.10M","-0.17%"
"01/14/2022","169.67","170.22","170.56","169.48","7.87M","-0.29%"
"01/13/2022","170.16","170.09","170.22","169.27","6.65M","-0.34%"
"01/12/2022","170.74","170.19","170.75","170.01","6.18M","0.26%"
"01/11/2022","170.29","168.44","170.31","168.37","8.32M","1.21%"
"01/10/2022","168.26","167.36","168.30","167.31","6.84M","0.30%"
"01/07/2022","167.75","167.37","168.01","166.86","8.19M","0.46%"
"01/06/2022","166.99","167.16","167.75","166.86","10.50M","-1.22%"
"01/05/2022","169.06","170.62","170.93","168.90","8.58M","-0.30%"
"01/04/2022","169.57","168.90","169.72","168.73","6.93M","0.74%"
"01/03/2022","168.33","168.86","169.01","168.00","8.91M","-1.54%"
"12/31/2021","170.96","170.53","171.04","170.04","7.04M","0.68%"
"12/30/2021","169.80","168.43","169.81","168.37","5.42M","0.72%"
"12/29/2021","168.59","167.36","168.69","167.28","5.88M","-0.03%"
"12/28/2021","168.64","169.33","169.65","168.62","4.47M","-0.43%"
"12/27/2021","169.37","168.96","169.42","168.78","4.48M","0.24%"
"12/23/2021","168.97","168.69","169.16","168.01","4.55M","0.23%"
"12/22/2021","168.59","167.58","168.64","167.11","4.63M","0.94%"
"12/21/2021","167.02","167.69","167.78","166.74","4.45M","-0.04%"
"12/20/2021","167.09","167.88","168.00","167.06","6.87M","-0.42%"
"12/17/2021","167.80","168.73","169.13","167.78","9.87M","-0.21%"
"12/16/2021","168.16","167.01","168.18","166.94","11.04M","1.21%"
"12/15/2021","166.15","165.27","166.40","163.80","14.21M","0.43%"
"12/14/2021","165.44","165.34","166.14","165.16","8.58M","-0.93%"
"12/13/2021","167.00","166.90","167.26","166.67","6.46M","0.25%"
"12/10/2021","166.58","166.72","166.91","166.18","6.45M","0.42%"
"12/09/2021","165.88","166.54","166.58","165.65","4.91M","-0.61%"
"12/08/2021","166.90","166.51","166.96","166.28","4.25M","0.05%"
"12/07/2021","166.81","166.20","167.08","166.18","4.59M","0.35%"
"12/06/2021","166.22","166.14","166.80","165.93","4.81M","-0.25%"
"12/03/2021","166.63","165.49","166.93","165.00","9.51M","0.84%"
"12/02/2021","165.24","165.93","165.93","164.63","9.60M","-0.55%"
"12/01/2021","166.16","166.79","167.47","166.06","7.83M","0.40%"
"11/30/2021","165.50","167.84","169.01","165.37","12.93M","-0.67%"
"11/29/2021","166.62","166.83","167.24","166.51","7.39M","-0.14%"
"11/26/2021","166.85","168.60","168.64","166.37","9.60M","-0.16%"
"11/24/2021","167.12","166.58","167.44","166.32","5.36M","-0.10%"
"11/23/2021","167.28","167.24","167.59","166.55","8.05M","-0.87%"
"11/22/2021","168.74","169.82","170.43","168.44","13.10M","-2.24%"
"11/19/2021","172.61","173.69","174.10","172.24","8.79M","-0.76%"
"11/18/2021","173.94","173.96","174.36","173.53","6.25M","-0.32%"
"11/17/2021","174.50","174.24","174.60","173.89","6.47M","0.91%"
"11/16/2021","172.92","174.00","174.47","172.87","8.67M","-0.72%"
"11/15/2021","174.18","174.13","174.58","173.70","5.63M","-0.15%"
"11/12/2021","174.45","173.51","174.67","173.40","7.89M","0.19%"
"11/11/2021","174.12","173.98","174.27","173.74","5.94M","0.56%"
"11/10/2021","173.15","173.65","174.64","172.13","11.46M","1.09%"
"11/09/2021","171.29","170.74","171.30","170.16","5.78M","0.49%"
"11/08/2021","170.45","170.42","170.69","170.06","4.97M","0.36%"
"11/05/2021","169.84","168.42","169.94","167.85","9.37M","1.31%"
"11/04/2021","167.65","167.51","168.14","167.38","6.66M","1.13%"
"11/03/2021","165.77","165.29","165.93","164.43","9.06M","-0.83%"
"11/02/2021","167.16","167.43","167.62","166.97","3.76M","-0.21%"
"11/01/2021","167.52","167.40","167.84","166.91","4.98M","0.52%"
"10/29/2021","166.65","166.29","166.73","165.64","7.53M","-0.85%"
"10/28/2021","168.08","169.01","169.25","167.55","7.00M","-0.02%"
"10/27/2021","168.12","167.72","168.19","166.86","5.82M","0.26%"
"10/26/2021","167.68","167.87","167.87","166.63","6.66M","-0.74%"
"10/25/2021","168.93","168.69","169.20","168.54","4.88M","0.69%"
"10/22/2021","167.77","168.67","169.54","166.67","10.70M","0.61%"
"10/21/2021","166.75","166.69","166.94","166.25","4.41M","-0.09%"
"10/20/2021","166.90","166.15","167.11","165.93","5.02M","0.88%"
"10/19/2021","165.45","166.50","166.50","165.21","6.59M","0.32%"
"10/18/2021","164.92","165.42","165.59","164.81","4.03M","-0.25%"
"10/15/2021","165.33","165.39","166.09","165.10","8.70M","-1.59%"
"10/14/2021","168.00","168.20","168.22","167.72","5.08M","0.24%"
"10/13/2021","167.59","165.28","167.92","165.28","11.12M","1.78%"
"10/12/2021","164.66","164.58","165.43","164.32","5.45M","0.45%"
"10/11/2021","163.92","164.07","164.58","163.92","3.82M","-0.19%"
"10/08/2021","164.23","166.32","166.42","164.13","8.54M","0.04%"
"10/07/2021","164.16","164.02","164.85","163.97","4.79M","-0.53%"
"10/06/2021","165.03","164.28","165.05","164.16","6.07M","0.27%"
"10/05/2021","164.59","163.94","164.85","163.49","5.62M","-0.47%"
"10/04/2021","165.36","163.70","165.53","163.49","7.65M","0.47%"
"10/01/2021","164.59","164.27","164.96","163.88","6.65M","0.23%"
"09/30/2021","164.22","162.65","164.95","162.36","10.57M","1.80%"
"09/29/2021","161.32","162.32","162.73","160.98","8.36M","-0.45%"
"09/28/2021","162.05","162.76","162.80","161.74","9.28M","-0.97%"
"09/27/2021","163.64","163.85","164.36","163.52","4.94M","0.21%"
"09/24/2021","163.30","163.00","164.00","162.74","6.94M","-0.13%"
"09/23/2021","163.51","164.09","164.20","163.27","8.45M","-1.15%"
"09/22/2021","165.42","165.92","167.14","165.05","9.78M","-0.37%"
"09/21/2021","166.04","165.79","166.62","165.52","7.18M","0.67%"
"09/20/2021","164.94","164.27","165.26","164.08","7.57M","0.71%"
"09/17/2021","163.77","163.86","164.32","163.40","8.37M","-0.16%"
"09/16/2021","164.03","164.35","164.44","163.24","11.78M","-2.26%"
"09/15/2021","167.83","168.13","168.35","167.46","5.62M","-0.59%"
"09/14/2021","168.82","168.25","169.16","167.50","7.92M","0.64%"
"09/13/2021","167.74","167.49","168.20","167.41","5.47M","0.33%"
"09/10/2021","167.18","167.81","168.08","167.15","7.43M","-0.51%"
"09/09/2021","168.03","168.18","168.28","166.85","6.64M","0.44%"
"09/08/2021","167.29","168.00","168.07","166.74","6.58M","-0.25%"
"09/07/2021","167.71","169.51","169.78","167.64","10.01M","-1.96%"
"09/03/2021","171.06","170.59","171.55","170.15","8.35M","1.07%"
"09/02/2021","169.25","169.54","169.62","168.84","4.60M","-0.27%"
"09/01/2021","169.70","169.93","169.99","169.16","4.76M","0.01%"
"08/31/2021","169.69","169.25","169.89","168.75","6.34M","0.20%"
"08/30/2021","169.35","169.68","169.83","169.09","3.77M","-0.49%"
"08/27/2021","170.19","167.58","170.19","166.87","10.04M","1.50%"
"08/26/2021","167.67","167.26","168.20","166.83","4.37M","0.11%"
"08/25/2021","167.48","167.81","167.92","166.76","5.59M","-0.69%"
"08/24/2021","168.65","169.04","169.27","168.53","4.52M","-0.05%"
"08/23/2021","168.73","168.85","168.90","167.96","8.19M","1.22%"
"08/20/2021","166.70","166.80","167.14","166.36","7.15M","0.05%"
"08/19/2021","166.61","167.26","167.29","166.17","6.93M","-0.29%"
"08/18/2021","167.10","167.20","167.50","166.26","7.70M","0.08%"
"08/17/2021","166.97","167.30","167.71","166.56","7.11M","-0.15%"
"08/16/2021","167.22","166.74","167.39","166.61","7.78M","0.50%"
"08/13/2021","166.39","165.02","166.46","164.89","7.47M","1.43%"
"08/12/2021","164.04","163.62","164.10","162.96","5.22M","0.02%"
"08/11/2021","164.00","163.14","164.15","162.68","7.38M","1.38%"
"08/10/2021","161.77","161.36","162.11","160.71","6.87M","0.03%"
"08/09/2021","161.72","164.64","164.64","161.28","11.55M","-1.77%"
"08/08/2021","164.64","164.64","164.64","164.64","","0.00%"
"08/07/2021","164.64","164.64","164.64","164.64","","0.00%"
"08/06/2021","164.64","165.77","165.91","164.56","13.55M","-2.50%"
"08/05/2021","168.86","169.31","169.42","168.22","7.89M","-0.40%"
"08/04/2021","169.53","171.28","171.40","169.01","9.80M","0.02%"
"08/03/2021","169.49","169.42","169.83","169.22","5.40M","-0.07%"
"08/02/2021","169.61","169.33","170.24","169.10","10.78M","-0.12%"
"07/30/2021","169.82","170.76","170.99","169.38","7.39M","-0.79%"
"07/29/2021","171.17","170.70","171.51","170.70","8.12M","1.11%"
"07/28/2021","169.29","168.23","169.37","167.80","7.91M","0.50%"
"07/27/2021","168.44","168.70","168.90","167.95","6.30M","0.17%"
"07/26/2021","168.16","168.62","168.86","168.09","5.23M","-0.24%"
"07/23/2021","168.56","168.50","168.88","167.95","5.83M","-0.31%"
"07/22/2021","169.09","168.49","169.19","168.06","4.79M","0.20%"
"07/21/2021","168.76","168.33","169.00","168.14","4.62M","-0.37%"
"07/20/2021","169.39","170.51","170.80","168.92","6.54M","-0.13%"
"07/19/2021","169.61","169.51","169.91","168.89","6.71M","0.12%"
"07/16/2021","169.41","170.67","170.94","169.28","9.46M","-0.97%"
"07/15/2021","171.07","170.85","171.28","170.35","6.52M","0.02%"
"07/14/2021","171.04","170.88","171.04","170.28","8.83M","1.08%"
"07/13/2021","169.22","169.54","169.90","168.93","7.04M","0.13%"
"07/12/2021","169.00","168.67","169.15","167.67","7.32M","-0.12%"
"07/09/2021","169.21","168.85","169.62","168.66","5.00M","0.33%"
"07/08/2021","168.65","169.81","169.84","167.97","7.24M","-0.07%"
"07/07/2021","168.76","168.74","169.22","168.19","7.11M","0.38%"
"07/06/2021","168.12","167.29","169.63","167.29","7.93M","0.50%"
"07/05/2021","167.29","167.29","167.29","167.29","","0.00%"
"07/04/2021","167.29","167.29","167.29","167.29","","0.00%"
"07/03/2021","167.29","167.29","167.29","167.29","","0.00%"
"07/02/2021","167.29","167.35","167.71","166.40","7.87M","0.66%"
"07/01/2021","166.20","166.69","166.87","165.52","7.43M","0.34%"
"06/30/2021","165.63","164.55","166.09","164.31","7.96M","0.49%"
"06/29/2021","164.83","164.34","165.28","164.01","7.45M","-1.05%"
"06/28/2021","166.58","166.60","166.90","166.36","6.51M","-0.01%"
"06/25/2021","166.59","167.46","167.52","166.29","7.47M","0.33%"
"06/24/2021","166.04","166.99","167.23","166.02","6.90M","-0.06%"
"06/23/2021","166.14","167.00","168.01","165.98","8.47M","-0.07%"
"06/22/2021","166.25","166.39","166.91","166.02","7.22M","-0.42%"
"06/21/2021","166.95","166.52","167.22","166.00","8.37M","1.22%"
"06/18/2021","164.93","166.16","166.69","164.93","15.74M","-0.55%"
"06/17/2021","165.85","166.85","167.60","165.44","27.23M","-3.07%"
"06/16/2021","171.11","173.95","174.39","171.05","16.92M","-1.69%"
"06/15/2021","174.05","174.76","174.90","173.35","7.55M","-0.38%"
"06/14/2021","174.71","173.16","175.06","172.95","7.73M","-0.59%"
"06/11/2021","175.74","176.33","176.57","175.48","7.84M","-1.13%"
"06/10/2021","177.74","176.70","177.85","176.48","9.90M","0.43%"
"06/09/2021","176.98","177.38","177.80","176.78","6.35M","-0.19%"
"06/08/2021","177.32","177.23","177.54","176.37","5.91M","-0.31%"
"06/07/2021","177.87","176.96","177.90","176.63","7.71M","0.40%"
"06/04/2021","177.16","176.65","177.57","176.61","8.38M","1.08%"
"06/03/2021","175.27","175.83","175.83","174.66","10.15M","-1.96%"
"06/02/2021","178.77","178.34","178.78","177.97","6.61M","0.49%"
"06/01/2021","177.90","178.76","178.85","177.19","9.14M","-0.27%"
"05/28/2021","178.38","177.46","178.43","177.24","9.97M","0.38%"
"05/27/2021","177.71","177.39","177.82","176.81","7.99M","0.04%"
"05/26/2021","177.64","178.37","178.61","177.04","8.50M","-0.17%"
"05/25/2021","177.95","176.15","177.95","176.04","8.99M","0.91%"
"05/24/2021","176.35","176.15","176.59","175.87","5.56M","0.18%"
"05/21/2021","176.04","176.58","176.86","175.15","7.68M","0.05%"
"05/20/2021","175.96","175.32","176.46","175.11","9.80M","0.46%"
"05/19/2021","175.16","175.14","177.00","174.34","20.74M","0.07%"
"05/18/2021","175.04","175.18","175.21","174.46","7.29M","0.19%"
"05/17/2021","174.70","173.30","175.00","173.28","11.96M","1.16%"
"05/14/2021","172.69","172.05","172.70","171.82","9.69M","0.91%"
"05/13/2021","171.13","170.35","171.27","170.22","8.08M","0.41%"
"05/12/2021","170.43","171.43","171.84","170.34","12.67M","-0.99%"
"05/11/2021","172.14","170.56","172.17","170.27","8.35M","0.02%"
"05/10/2021","172.11","172.74","172.84","171.78","8.28M","0.30%"
"05/07/2021","171.59","171.53","172.55","171.00","14.75M","0.90%"
"05/06/2021","170.06","167.95","170.29","167.92","13.57M","1.67%"
"05/05/2021","167.27","166.63","167.31","166.61","5.95M","0.41%"
"05/04/2021","166.58","167.69","168.55","165.50","10.27M","-0.73%"
"05/03/2021","167.81","167.61","168.43","167.41","9.01M","1.30%"
"04/30/2021","165.66","165.86","166.00","165.24","6.25M","-0.34%"
"04/29/2021","166.22","165.58","166.26","164.47","9.07M","-0.41%"
"04/28/2021","166.91","165.75","166.96","165.49","6.93M","0.29%"
"04/27/2021","166.42","166.92","167.15","166.28","5.36M","-0.25%"
"04/26/2021","166.84","166.63","166.87","166.05","4.79M","0.26%"
"04/23/2021","166.40","167.37","167.53","165.78","7.11M","-0.38%"
"04/22/2021","167.04","167.11","167.53","166.49","7.68M","-0.65%"
"04/21/2021","168.13","167.18","168.39","167.15","8.38M","0.99%"
"04/20/2021","166.48","165.65","166.81","165.62","6.53M","0.36%"
"04/19/2021","165.89","165.91","166.44","165.72","5.72M","-0.28%"
"04/16/2021","166.35","166.24","166.81","165.94","10.06M","0.60%"
"04/15/2021","165.35","164.07","165.79","164.03","8.25M","1.62%"
"04/14/2021","162.72","162.77","163.05","162.30","6.31M","-0.43%"
"04/13/2021","163.43","163.18","163.85","163.03","7.00M","0.71%"
"04/12/2021","162.28","162.73","162.80","161.81","4.90M","-0.61%"
"04/09/2021","163.27","162.75","163.66","162.48","6.66M","-0.75%"
"04/08/2021","164.51","164.17","164.77","164.14","6.57M","1.08%"
"04/07/2021","162.76","162.82","163.31","162.50","5.44M","-0.28%"
"04/06/2021","163.22","162.79","163.53","162.75","6.76M","0.80%"
"04/05/2021","161.92","161.52","162.40","161.36","6.16M","-0.04%"
"04/01/2021","161.98","161.56","162.11","161.28","7.11M","1.26%"
"03/31/2021","159.96","158.06","160.68","158.05","10.62M","1.52%"
"03/30/2021","157.57","157.94","158.20","157.55","8.35M","-1.71%"
"03/29/2021","160.31","161.46","161.52","159.83","8.41M","-1.19%"
"03/26/2021","162.24","161.71","162.73","161.65","6.15M","0.28%"
"03/25/2021","161.78","163.06","163.58","161.32","8.40M","-0.36%"
"03/24/2021","162.37","162.21","162.89","161.94","6.18M","0.35%"
"03/23/2021","161.81","162.45","162.49","161.59","6.05M","-0.73%"
"03/22/2021","163.00","162.27","163.13","162.16","5.24M","-0.15%"
"03/19/2021","163.24","162.56","163.43","162.43","6.87M","0.42%"
"03/18/2021","162.56","161.15","162.82","161.11","8.73M","-0.58%"
"03/17/2021","163.51","162.27","164.15","161.48","12.63M","0.71%"
"03/16/2021","162.35","162.36","163.20","161.81","7.55M","0.09%"
"03/15/2021","162.20","162.31","162.55","161.43","8.11M","0.44%"
"03/12/2021","161.49","159.54","161.69","159.35","8.61M","-0.02%"
"03/11/2021","161.52","161.47","161.98","161.12","6.75M","-0.09%"
"03/10/2021","161.66","161.06","161.78","160.66","7.96M","0.51%"
"03/09/2021","160.84","160.75","161.25","160.41","10.38M","2.13%"
"03/08/2021","157.49","158.58","158.74","157.13","12.13M","-1.04%"
"03/05/2021","159.14","159.66","159.82","158.55","12.07M","0.06%"
"03/04/2021","159.04","160.60","161.46","158.43","13.87M","-0.98%"
"03/03/2021","160.62","160.61","161.69","159.49","13.06M","-1.10%"
"03/02/2021","162.41","161.93","162.93","161.22","11.42M","0.54%"
"03/01/2021","161.53","163.03","163.35","161.16","13.83M","-0.17%"
"02/26/2021","161.81","165.00","165.10","160.95","23.73M","-2.42%"
"02/25/2021","165.82","166.92","167.66","165.45","16.36M","-1.88%"
"02/24/2021","169.00","167.65","169.14","167.15","8.89M","-0.07%"
"02/23/2021","169.12","169.48","169.74","168.28","8.62M","-0.23%"
"02/22/2021","169.51","168.54","169.89","168.30","10.08M","1.50%"
"02/19/2021","167.01","166.76","167.94","166.60","8.27M","0.41%"
"02/18/2021","166.32","166.98","167.30","165.73","7.50M","-0.01%"
"02/17/2021","166.33","166.92","167.34","165.85","11.43M","-1.14%"
"02/16/2021","168.24","168.14","170.06","167.73","14.76M","-1.44%"
"02/12/2021","170.69","170.29","171.65","169.88","6.02M","-0.30%"
"02/11/2021","171.21","172.70","172.87","170.71","5.99M","-0.87%"
"02/10/2021","172.71","173.15","173.22","172.01","6.11M","0.37%"
"02/09/2021","172.08","172.57","173.03","171.75","5.13M","0.33%"
"02/08/2021","171.52","171.98","172.40","171.49","6.89M","1.01%"
"02/05/2021","169.81","168.99","170.18","168.67","6.54M","0.99%"
"02/04/2021","168.15","168.29","168.40","167.34","13.74M","-2.15%"
"02/03/2021","171.85","172.36","172.59","171.50","4.66M","-0.15%"
"02/02/2021","172.11","172.49","172.53","171.51","7.22M","-1.22%"
"02/01/2021","174.23","175.02","175.26","174.06","9.08M","0.94%"
"01/29/2021","172.61","174.87","175.16","172.61","11.25M","-0.04%"
"01/28/2021","172.68","174.28","174.73","172.04","9.39M","0.09%"
"01/27/2021","172.52","172.93","173.52","171.66","9.04M","-0.63%"
"01/26/2021","173.62","173.98","174.26","173.42","4.69M","-0.25%"
"01/25/2021","174.05","174.82","174.96","173.19","5.94M","0.09%"
"01/22/2021","173.90","172.89","174.29","172.35","7.27M","-0.79%"
"01/21/2021","175.28","175.11","175.51","174.51","7.25M","-0.06%"
"01/20/2021","175.39","174.37","175.47","173.82","9.46M","1.63%"
"01/19/2021","172.58","172.71","172.85","171.92","7.49M","0.85%"
"01/15/2021","171.13","172.84","173.07","170.97","16.17M","-1.24%"
"01/14/2021","173.28","173.44","174.22","172.66","13.52M","-0.05%"
"01/13/2021","173.37","173.68","174.46","173.05","14.11M","-0.43%"
"01/12/2021","174.12","173.13","174.18","172.32","9.80M","0.65%"
"01/11/2021","173.00","172.14","173.68","172.03","8.58M","-0.20%"
"01/08/2021","173.34","176.83","176.99","171.48","24.40M","-3.42%"
"01/07/2021","179.48","179.69","179.92","178.84","7.11M","-0.23%"
"01/06/2021","179.90","181.49","181.58","178.24","18.45M","-1.62%"
"01/05/2021","182.87","182.87","183.21","181.82","12.72M","0.30%"
"01/04/2021","182.33","181.97","182.40","180.96","14.33M","2.23%"
"12/31/2020","178.36","178.07","178.40","177.32","7.54M","0.37%"
"12/30/2020","177.70","176.44","177.72","176.44","5.91M","0.77%"
"12/29/2020","176.35","176.25","176.97","175.57","5.98M","0.36%"
"12/28/2020","175.71","177.26","177.91","175.62","7.78M","-0.36%"
"12/24/2020","176.35","175.55","176.37","175.51","3.70M","0.40%"
"12/23/2020","175.65","175.10","176.21","175.06","6.54M","0.66%"
"12/22/2020","174.49","176.20","176.34","174.34","9.45M","-0.79%"
"12/21/2020","175.88","176.29","176.94","175.76","8.17M","-0.32%"
"12/18/2020","176.44","176.65","176.98","176.10","6.79M","-0.17%"
"12/17/2020","176.74","177.15","177.87","176.57","9.48M","1.05%"
"12/16/2020","174.90","174.13","175.01","173.02","8.17M","0.55%"
"12/15/2020","173.94","173.43","173.98","173.06","6.85M","1.40%"
"12/14/2020","171.54","171.91","172.52","170.91","7.64M","-0.55%"
"12/11/2020","172.49","172.25","173.32","172.11","6.08M","0.19%"
"12/10/2020","172.17","172.90","173.58","171.70","6.56M","-0.19%"
"12/09/2020","172.50","173.92","174.04","171.24","10.74M","-1.71%"
"12/08/2020","175.50","175.51","175.93","174.72","6.35M","0.35%"
"12/07/2020","174.89","172.56","175.29","172.51","10.56M","1.49%"
"12/04/2020","172.32","172.78","173.32","171.59","10.10M","-0.28%"
"12/03/2020","172.81","172.64","172.85","171.08","10.46M","0.79%"
"12/02/2020","171.46","170.57","171.76","170.15","9.20M","0.75%"
"12/01/2020","170.18","169.76","170.48","169.30","13.56M","2.11%"
"11/30/2020","166.67","166.68","167.43","166.03","13.21M","-0.67%"
"11/27/2020","167.79","166.90","167.83","166.78","10.57M","-1.01%"
"11/25/2020","169.51","169.97","170.52","169.24","10.29M","-0.05%"
"11/24/2020","169.59","169.30","169.69","168.86","19.50M","-1.53%"
"11/23/2020","172.23","175.10","175.24","171.78","15.51M","-1.97%"
"11/20/2020","175.69","176.12","176.38","175.58","6.38M","0.30%"
"11/19/2020","175.16","174.30","175.22","174.17","6.97M","-0.19%"
"11/18/2020","175.49","176.26","176.86","175.35","7.38M","-0.57%"
"11/17/2020","176.50","177.25","177.44","176.09","8.23M","-0.37%"
"11/16/2020","177.15","177.23","177.91","176.87","8.36M","-0.01%"
"11/13/2020","177.16","177.65","177.80","176.84","6.47M","0.68%"
"11/12/2020","175.96","176.04","176.76","175.84","7.18M","0.61%"
"11/11/2020","174.90","174.69","175.28","174.44","9.01M","-0.43%"
"11/10/2020","175.66","176.75","176.91","175.66","11.73M","0.33%"
"11/09/2020","175.08","176.42","176.45","173.64","29.80M","-4.43%"
"11/06/2020","183.19","183.40","183.53","182.19","10.38M","0.14%"
"11/05/2020","182.93","181.00","183.28","180.97","16.10M","2.30%"
"11/04/2020","178.82","178.93","179.19","177.66","11.12M","-0.06%"
"11/03/2020","178.92","178.95","179.39","178.30","7.58M","0.57%"
"11/02/2020","177.91","177.45","177.93","177.13","6.50M","0.97%"
"10/30/2020","176.20","177.18","177.36","175.95","7.30M","0.46%"
"10/29/2020","175.40","175.02","176.14","174.83","8.47M","-0.41%"
"10/28/2020","176.13","176.45","176.85","175.44","11.73M","-1.61%"
"10/27/2020","179.02","178.71","179.43","178.51","5.83M","0.26%"
"10/26/2020","178.55","178.75","179.14","178.22","5.11M","-0.05%"
"10/23/2020","178.64","179.09","179.20","177.76","5.92M","-0.11%"
"10/22/2020","178.83","178.88","179.03","177.72","8.38M","-0.98%"
"10/21/2020","180.60","180.47","181.31","180.23","7.55M","0.75%"
"10/20/2020","179.25","178.54","179.67","178.08","7.12M","0.48%"
"10/19/2020","178.39","179.41","179.47","178.37","6.08M","0.05%"
"10/16/2020","178.30","179.22","179.32","178.13","7.26M","-0.35%"
"10/15/2020","178.92","177.71","179.15","177.59","6.82M","0.36%"
"10/14/2020","178.27","179.09","179.59","178.27","9.10M","0.31%"
"10/13/2020","177.72","178.56","178.60","177.10","8.38M","-1.57%"
"10/12/2020","180.56","180.57","180.83","180.19","4.84M","-0.29%"
"10/09/2020","181.08","180.13","181.17","179.93","15.98M","1.82%"
"10/08/2020","177.85","178.18","178.45","176.67","6.53M","0.36%"
"10/07/2020","177.22","177.09","177.42","176.43","6.41M","-0.05%"
"10/06/2020","177.30","180.16","180.37","177.05","8.63M","-1.18%"
"10/05/2020","179.41","179.02","180.14","178.90","6.97M","0.49%"
"10/04/2020","178.54","178.54","178.54","178.54","","0.00%"
"10/03/2020","178.54","178.54","178.54","178.54","","0.00%"
"10/02/2020","178.54","178.69","179.29","178.16","7.49M","-0.09%"
"10/01/2020","178.70","178.71","179.50","178.04","10.40M","0.89%"
"09/30/2020","177.12","177.71","178.61","176.66","8.37M","-0.60%"
"09/29/2020","178.19","177.19","178.33","176.95","8.76M","0.84%"
"09/28/2020","176.70","175.83","176.81","175.09","7.11M","1.01%"
"09/27/2020","174.94","174.94","174.94","174.94","","0.00%"
"09/26/2020","174.94","174.94","174.94","174.94","","0.00%"
"09/25/2020","174.94","174.41","175.30","173.89","6.78M","-0.28%"
"09/24/2020","175.44","174.36","176.24","173.77","11.76M","0.37%"
"09/23/2020","174.79","176.98","177.26","174.10","18.13M","-2.16%"
"09/22/2020","178.65","179.63","180.02","178.11","7.98M","-0.48%"
"09/21/2020","179.52","179.84","180.29","176.75","17.44M","-2.01%"
"09/18/2020","183.20","183.07","184.09","182.64","9.96M","0.13%"
"09/17/2020","182.96","181.92","183.09","181.48","8.84M","-0.55%"
"09/16/2020","183.97","184.98","185.01","183.33","12.72M","0.28%"
"09/15/2020","183.45","184.46","184.67","182.92","7.99M","-0.24%"
"09/14/2020","183.89","183.57","184.30","183.39","9.71M","0.79%"
"09/13/2020","182.45","182.45","182.45","182.45","","0.00%"
"09/11/2020","182.45","183.14","183.55","182.00","7.66M","-0.01%"
"09/10/2020","182.46","184.23","184.68","182.28","9.14M","-0.32%"
"09/09/2020","183.05","182.50","183.22","182.19","8.42M","0.97%"
"09/08/2020","181.29","179.50","182.27","179.02","13.23M","-0.19%"
"09/04/2020","181.64","180.95","182.10","180.05","11.57M","0.28%"
"09/03/2020","181.14","182.30","182.82","180.49","12.18M","-0.81%"
"09/02/2020","182.62","183.75","183.86","181.50","11.54M","-1.31%"
"09/01/2020","185.05","186.99","186.99","184.33","10.69M","0.12%"
"08/31/2020","184.83","184.79","185.53","184.28","10.25M","0.24%"
"08/30/2020","184.39","184.39","184.39","184.39","","0.00%"
"08/28/2020","184.39","183.98","185.40","183.40","13.20M","1.74%"
"08/27/2020","181.24","185.00","185.17","179.37","16.30M","-1.16%"
"08/26/2020","183.36","180.26","183.58","180.20","12.72M","1.18%"
"08/25/2020","181.22","181.06","181.25","179.73","10.06M","0.12%"
"08/24/2020","181.00","182.91","182.93","180.69","11.61M","-0.57%"
"08/23/2020","182.03","182.03","182.03","182.03","","0.00%"
"08/21/2020","182.03","182.14","182.81","180.47","12.71M","-0.80%"
"08/20/2020","183.50","181.19","183.71","180.93","16.69M","0.69%"
"08/19/2020","182.24","187.21","187.46","181.71","24.65M","-3.16%"
"08/18/2020","188.18","189.18","189.40","185.63","16.29M","0.90%"
"08/17/2020","186.50","184.69","187.01","184.66","15.71M","2.17%"
"08/14/2020","182.54","183.44","183.72","181.49","11.79M","-0.43%"
"08/13/2020","183.33","181.56","184.70","181.36","18.60M","2.36%"
"08/12/2020","179.10","182.61","183.10","179.04","28.78M","-0.47%"
"08/11/2020","179.94","183.57","183.98","179.43","45.35M","-5.37%"
"08/10/2020","190.15","191.20","192.61","189.66","19.05M","-0.35%"
"08/09/2020","190.81","190.81","190.81","190.81","","0.00%"
"08/08/2020","190.81","190.81","190.81","190.81","","0.00%"
"08/07/2020","190.81","192.71","192.96","189.33","24.57M","-1.59%"
"08/06/2020","193.89","193.74","194.45","192.52","20.64M","1.33%"
"08/05/2020","191.35","191.65","193.13","190.62","27.19M","0.93%"
"08/04/2020","189.59","185.61","189.60","185.21","20.77M","2.13%"
"08/03/2020","185.64","185.05","185.82","184.20","12.90M","0.11%"
"08/02/2020","185.43","185.43","185.43","185.43","","0.00%"
"07/31/2020","185.43","184.51","185.75","184.16","15.89M","0.91%"
"07/30/2020","183.76","183.44","184.33","182.13","18.06M","-0.74%"
"07/29/2020","185.13","184.01","186.14","182.39","25.64M","0.75%"
"07/28/2020","183.75","182.02","184.26","181.42","21.16M","0.83%"
"07/27/2020","182.23","181.85","182.83","181.53","21.12M","1.98%"
"07/26/2020","178.70","178.70","178.70","178.70","","0.00%"
"07/25/2020","178.70","178.70","178.70","178.70","","0.00%"
"07/24/2020","178.70","179.14","179.16","178.20","15.60M","0.86%"
"07/23/2020","177.18","176.17","178.41","175.65","23.01M","0.88%"
"07/22/2020","175.63","174.05","175.77","173.76","18.71M","1.52%"
"07/21/2020","173.00","172.53","173.25","172.31","12.86M","1.21%"
"07/20/2020","170.94","170.76","171.07","170.27","10.10M","0.48%"
"07/17/2020","170.12","169.94","170.27","169.60","10.30M","0.82%"
"07/16/2020","168.73","169.80","170.00","168.65","10.24M","-0.95%"
"07/15/2020","170.34","169.62","170.43","169.39","7.53M","0.09%"
"07/14/2020","170.19","168.97","170.20","168.81","9.81M","0.47%"
"07/13/2020","169.40","170.29","170.42","169.16","11.10M","0.12%"
"07/12/2020","169.19","169.19","169.19","169.19","","0.00%"
"07/11/2020","169.19","169.19","169.19","169.19","","0.00%"
"07/10/2020","169.19","169.95","170.15","168.57","8.22M","-0.26%"
"07/09/2020","169.63","170.48","170.63","168.78","13.33M","-0.27%"
"07/08/2020","170.09","170.32","170.86","169.78","11.66M","0.62%"
"07/07/2020","169.04","167.41","169.04","167.38","11.63M","0.63%"
"07/06/2020","167.98","167.75","168.00","167.19","7.27M","0.60%"
"07/05/2020","166.98","166.98","166.98","166.98","","0.00%"
"07/04/2020","166.98","166.98","166.98","166.98","","0.00%"
"07/02/2020","166.98","166.20","167.24","166.02","8.75M","0.22%"
"07/01/2020","166.62","167.05","167.06","165.34","13.21M","-0.45%"
"06/30/2020","167.37","166.31","167.99","166.19","12.76M","0.44%"
"06/29/2020","166.63","166.56","166.80","166.18","6.74M","0.05%"
"06/26/2020","166.54","164.87","166.56","164.22","9.75M","0.45%"
"06/25/2020","165.80","165.89","165.91","165.16","7.09M","-0.06%"
"06/24/2020","165.90","166.01","166.99","165.45","10.90M","-0.35%"
"06/23/2020","166.48","165.63","166.52","165.52","12.14M","0.84%"
"06/22/2020","165.09","165.06","165.73","164.41","12.39M","0.65%"
"06/19/2020","164.03","162.87","164.09","162.78","12.19M","1.10%"
"06/18/2020","162.24","162.20","162.32","161.44","5.40M","-0.20%"
"06/17/2020","162.56","162.00","162.62","161.77","4.76M","0.19%"
"06/16/2020","162.25","161.85","162.69","161.36","7.97M","-0.05%"
"06/15/2020","162.33","160.52","162.56","160.16","8.54M","-0.18%"
"06/12/2020","162.62","163.41","163.88","162.56","6.90M","0.14%"
"06/11/2020","162.39","163.35","164.06","161.97","11.67M","-0.72%"
"06/10/2020","163.57","162.10","163.63","160.52","13.01M","1.43%"
"06/09/2020","161.26","161.10","161.78","160.87","9.05M","0.96%"
"06/08/2020","159.72","158.90","159.86","158.47","9.24M","1.08%"
"06/07/2020","158.01","158.01","158.01","158.01","","0.00%"
"06/05/2020","158.01","158.72","158.72","157.03","16.02M","-2.03%"
"06/04/2020","161.28","161.14","161.87","159.84","10.09M","1.05%"
"06/03/2020","159.60","160.34","160.90","158.82","17.00M","-1.85%"
"06/02/2020","162.60","163.89","164.08","161.86","10.39M","-0.65%"
"06/01/2020","163.66","162.92","163.74","162.39","8.16M","0.46%"
"05/29/2020","162.91","162.58","163.40","162.32","12.58M","0.74%"
"05/28/2020","161.72","162.12","162.46","160.90","9.76M","0.34%"
"05/27/2020","161.18","159.42","161.34","159.20","13.06M","0.18%"
"05/26/2020","160.89","162.58","162.58","160.69","13.97M","-1.42%"
"05/22/2020","163.21","162.88","163.47","162.74","8.54M","0.59%"
"05/21/2020","162.25","163.46","163.58","161.37","11.79M","-1.46%"
"05/20/2020","164.65","164.54","164.96","163.89","10.67M","0.24%"
"05/19/2020","164.26","163.60","164.43","163.04","8.53M","0.97%"
"05/18/2020","162.69","164.33","164.50","162.41","14.14M","-0.76%"
"05/15/2020","163.93","164.02","164.80","163.08","13.92M","0.56%"
"05/14/2020","163.01","161.53","163.34","161.51","17.08M","0.89%"
"05/13/2020","161.58","160.94","161.62","160.54","10.95M","0.96%"
"05/12/2020","160.04","160.30","160.95","159.72","10.41M","0.39%"
"05/11/2020","159.42","160.34","160.71","158.89","11.21M","-0.62%"
"05/10/2020","160.42","160.42","160.42","160.42","","0.00%"
"05/09/2020","160.42","160.42","160.42","160.42","","0.00%"
"05/08/2020","160.42","161.08","162.00","160.00","12.24M","-0.60%"
"05/07/2020","161.39","159.50","161.96","159.36","13.70M","1.54%"
"05/06/2020","158.95","158.99","159.81","158.10","13.35M","-1.29%"
"05/05/2020","161.02","160.16","161.10","159.33","10.56M","0.42%"
"05/04/2020","160.34","160.33","160.95","159.91","7.99M","0.35%"
"05/03/2020","159.78","159.78","159.78","159.78","","0.00%"
"05/02/2020","159.78","159.78","159.78","159.78","","0.00%"
"05/01/2020","159.78","158.00","160.45","157.80","10.91M","0.62%"
"04/30/2020","158.80","160.22","160.82","158.13","13.63M","-1.81%"
"04/29/2020","161.73","160.10","161.85","159.76","12.23M","0.55%"
"04/28/2020","160.84","160.89","160.98","159.16","10.38M","-0.45%"
"04/27/2020","161.56","161.88","162.00","160.41","9.03M","-0.66%"
"04/24/2020","162.64","163.13","163.31","160.89","11.20M","-0.43%"
"04/23/2020","163.34","162.39","163.60","161.84","14.93M","1.00%"
"04/22/2020","161.73","160.50","161.74","160.42","12.94M","1.97%"
"04/21/2020","158.61","157.60","159.21","157.04","12.48M","-0.68%"
"04/20/2020","159.70","158.62","160.22","158.46","10.69M","0.71%"
"04/17/2020","158.57","159.72","160.07","158.12","14.65M","-1.94%"
"04/16/2020","161.71","161.88","163.15","160.65","9.23M","-0.09%"
"04/15/2020","161.85","161.80","162.54","160.81","12.14M","-0.51%"
"04/14/2020","162.68","162.73","164.42","161.78","17.10M","0.79%"
"04/13/2020","161.41","159.17","162.38","158.62","20.55M","1.71%"
"04/09/2020","158.69","158.08","159.08","157.21","18.12M","2.61%"
"04/08/2020","154.65","155.91","155.94","154.59","7.60M","-0.89%"
"04/07/2020","156.04","155.33","156.14","154.38","9.20M","-0.54%"
"04/06/2020","156.88","154.16","157.22","153.96","14.74M","2.77%"
"04/03/2020","152.65","152.23","153.09","151.66","8.47M","0.49%"
"04/02/2020","151.90","151.20","152.50","150.70","9.19M","1.64%"
"04/01/2020","149.45","148.20","150.08","147.85","11.83M","0.95%"
"03/31/2020","148.05","151.36","151.80","147.97","13.32M","-3.18%"
"03/30/2020","152.92","152.41","153.08","151.57","12.08M","0.44%"
"03/27/2020","152.25","153.00","153.55","152.00","9.82M","-0.65%"
"03/26/2020","153.24","153.31","154.81","152.08","12.78M","1.28%"
"03/25/2020","151.30","152.58","152.88","151.01","16.46M","-1.37%"
"03/24/2020","153.40","153.50","155.66","152.05","20.74M","4.85%"
"03/23/2020","146.30","142.68","146.93","142.28","28.28M","4.42%"
"03/20/2020","140.11","140.71","141.17","139.14","20.06M","1.50%"
"03/19/2020","138.04","139.08","140.50","137.85","20.83M","-1.89%"
"03/18/2020","140.70","141.75","142.88","138.50","21.95M","-1.99%"
"03/17/2020","143.56","140.18","146.20","139.93","24.49M","1.36%"
"03/16/2020","141.64","137.56","142.96","136.12","24.50M","-1.14%"
"03/13/2020","143.28","149.42","149.60","141.58","35.18M","-3.05%"
"03/12/2020","147.79","151.53","151.55","146.85","32.89M","-3.99%"
"03/11/2020","153.93","156.25","156.50","153.61","18.35M","-0.36%"
"03/10/2020","154.48","156.18","156.41","154.39","18.81M","-2.11%"
"03/09/2020","157.81","158.60","159.37","156.33","24.87M","0.17%"
"03/06/2020","157.55","158.33","159.25","154.54","26.97M","0.04%"
"03/05/2020","157.49","156.06","157.62","155.72","17.97M","2.16%"
"03/04/2020","154.16","154.40","154.96","153.70","12.32M","0.18%"
"03/03/2020","153.89","150.84","155.24","150.74","28.69M","3.14%"
"03/02/2020","149.20","150.00","150.73","149.04","16.30M","0.55%"
"02/28/2020","148.38","152.71","152.77","147.05","42.71M","-3.65%"
"02/27/2020","154.00","155.58","156.27","153.90","27.88M","0.02%"
"02/26/2020","153.97","153.82","155.28","152.90","17.98M","0.44%"
"02/25/2020","153.30","155.12","156.08","152.91","28.09M","-1.79%"
"02/24/2020","156.09","158.50","158.53","155.36","27.17M","0.90%"
"02/21/2020","154.70","154.43","155.22","154.18","16.35M","1.50%"
"02/20/2020","152.41","152.00","152.83","151.95","8.46M","0.41%"
"02/19/2020","151.79","151.00","151.82","150.81","9.27M","0.58%"
"02/18/2020","150.91","149.88","151.09","149.47","11.53M","1.28%"
"02/14/2020","149.00","148.74","149.13","148.63","5.35M","0.42%"
"02/13/2020","148.38","148.24","148.58","147.95","7.08M","0.57%"
"02/12/2020","147.54","147.42","147.81","147.16","5.04M","-0.08%"
"02/11/2020","147.66","148.03","148.16","147.01","5.18M","-0.34%"
"02/10/2020","148.17","148.21","148.45","147.91","5.79M","0.26%"
"02/07/2020","147.79","147.83","148.18","147.34","6.38M","0.26%"
"02/06/2020","147.40","147.28","147.63","147.00","4.82M","0.54%"
"02/05/2020","146.61","146.38","146.81","146.16","6.16M","0.12%"
"02/04/2020","146.43","146.97","147.03","145.80","10.53M","-1.30%"
"02/03/2020","148.36","148.66","148.78","147.68","9.12M","-0.65%"
"01/31/2020","149.33","148.88","149.68","148.81","14.79M","0.58%"
"01/30/2020","148.47","148.69","149.31","148.01","9.12M","0.01%"
"01/29/2020","148.46","147.70","148.56","147.61","5.02M","0.54%"
"01/28/2020","147.66","148.36","148.56","147.53","7.54M","-0.89%"
"01/27/2020","148.99","149.24","149.32","148.46","9.99M","0.68%"
"01/24/2020","147.98","146.90","148.38","146.89","9.92M","0.58%"
"01/23/2020","147.12","147.00","147.62","146.62","8.42M","0.22%"
"01/22/2020","146.79","146.68","146.81","146.38","4.78M","0.03%"
"01/21/2020","146.74","145.77","146.86","145.55","6.09M","0.11%"
"01/17/2020","146.58","146.51","146.99","146.31","11.12M","0.18%"
"01/16/2020","146.31","146.27","146.47","145.75","6.07M","-0.16%"
"01/15/2020","146.54","146.21","146.73","145.82","6.51M","0.58%"
"01/14/2020","145.69","145.42","145.81","145.08","6.61M","-0.09%"
"01/13/2020","145.82","146.35","146.38","145.78","7.60M","-0.74%"
"01/10/2020","146.91","146.22","146.99","146.17","6.18M","0.60%"
"01/09/2020","146.03","146.07","146.41","145.44","10.30M","-0.57%"
"01/08/2020","146.86","148.49","148.61","146.14","22.28M","-0.75%"
"01/07/2020","147.97","147.57","148.14","147.43","8.40M","0.39%"
"01/06/2020","147.39","148.44","148.48","146.95","14.41M","1.05%"
"01/03/2020","145.86","145.75","146.32","145.40","12.29M","1.33%"
"01/02/2020","143.95","143.86","144.21","143.40","7.74M","0.73%"