Time,Mempool_count
2020-01-02,1716.7447916666667
2020-01-03,1716.7447916666667
2020-01-04,3118.8645833333335
2020-01-05,3118.8645833333335
2020-01-06,4644.067708333333
2020-01-07,4644.067708333333
2020-01-08,8607.5
2020-01-09,8607.5
2020-01-10,4564.328125
2020-01-11,4564.328125
2020-01-12,4564.328125
2020-01-13,2893.1666666666665
2020-01-14,2893.1666666666665
2020-01-15,7369.734375
2020-01-16,7369.734375
2020-01-17,3413.4479166666665
2020-01-18,3413.4479166666665
2020-01-19,6051.838541666667
2020-01-20,6051.838541666667
2020-01-21,6422.932291666667
2020-01-22,6422.932291666667
2020-01-23,3551.2760416666665
2020-01-24,3551.2760416666665
2020-01-25,3551.2760416666665
2020-01-26,2444.6666666666665
2020-01-27,2444.6666666666665
2020-01-28,15803.401041666666
2020-01-29,15803.401041666666
2020-01-30,4953.916666666667
2020-01-31,4953.916666666667
2020-02-01,5840.5
2020-02-02,5840.5
2020-02-03,4866.5
2020-02-04,4866.5
2020-02-05,5065.286458333333
2020-02-06,5065.286458333333
2020-02-07,5065.286458333333
2020-02-08,10749.479166666666
2020-02-09,10749.479166666666
2020-02-10,3014.5729166666665
2020-02-11,3014.5729166666665
2020-02-12,11413.421875
2020-02-13,11413.421875
2020-02-14,7342.380208333333
2020-02-15,7342.380208333333
2020-02-16,3257.2552083333335
2020-02-17,3257.2552083333335
2020-02-18,3257.2552083333335
2020-02-19,5418.895833333333
2020-02-20,5418.895833333333
2020-02-21,7749.786458333333
2020-02-22,7749.786458333333
2020-02-23,3485.734375
2020-02-24,3485.734375
2020-02-25,6378.010416666667
2020-02-26,6378.010416666667
2020-02-27,8190.260416666667
2020-02-28,8190.260416666667
2020-02-29,3889.1510416666665
2020-03-01,3889.1510416666665
2020-03-02,3889.1510416666665
2020-03-03,9078.119791666666
2020-03-04,9078.119791666666
2020-03-05,4895.53125
2020-03-06,4895.53125
2020-03-07,10179.375
2020-03-08,10179.375
2020-03-09,3196.9739583333335
2020-03-10,3196.9739583333335
2020-03-11,11281.505208333334
2020-03-12,11281.505208333334
2020-03-13,33208.583333333336
2020-03-14,33208.583333333336
2020-03-15,33208.583333333336
2020-03-16,4849.067708333333
2020-03-17,4849.067708333333
2020-03-18,10000.354166666666
2020-03-19,10000.354166666666
2020-03-20,26211.510416666668
2020-03-21,26211.510416666668
2020-03-22,3278.9166666666665
2020-03-23,3278.9166666666665
2020-03-24,7789.286458333333
2020-03-25,7789.286458333333
2020-03-26,8263.182291666666
2020-03-27,8263.182291666666
2020-03-28,8263.182291666666
2020-03-29,3025.8802083333335
2020-03-30,3025.8802083333335
2020-03-31,3926.7760416666665
2020-04-01,3926.7760416666665
2020-04-02,3799.8072916666665
2020-04-03,3799.8072916666665
2020-04-04,5590.901041666667
2020-04-05,5590.901041666667
2020-04-06,4719.703125
2020-04-07,4719.703125
2020-04-08,5127.203125
2020-04-09,5127.203125
2020-04-10,5127.203125
2020-04-11,3115.1041666666665
2020-04-12,3115.1041666666665
2020-04-13,2675.9791666666665
2020-04-14,2675.9791666666665
2020-04-15,8800.453125
2020-04-16,8800.453125
2020-04-17,5468.328125
2020-04-18,5468.328125
2020-04-19,2928.15625
2020-04-20,2928.15625
2020-04-21,5076.072916666667
2020-04-22,5076.072916666667
2020-04-23,5076.072916666667
2020-04-24,12513.447916666666
2020-04-25,12513.447916666666
2020-04-26,5139.171875
2020-04-27,5139.171875
2020-04-28,7090.9375
2020-04-29,7090.9375
2020-04-30,37892.5625
2020-05-01,37892.5625
2020-05-02,21370.838541666668
2020-05-03,21370.838541666668
2020-05-04,5685.302083333333
2020-05-05,5685.302083333333
2020-05-06,5685.302083333333
2020-05-07,7548.0625
2020-05-08,7548.0625
2020-05-09,27460.744791666668
2020-05-10,27460.744791666668
2020-05-11,6597.880208333333
2020-05-12,6597.880208333333
2020-05-13,16654.786458333332
2020-05-14,16654.786458333332
2020-05-15,68599.94270833333
2020-05-16,68599.94270833333
2020-05-17,31877.197916666668
2020-05-18,31877.197916666668
2020-05-19,31877.197916666668
2020-05-20,51994.276041666664
2020-05-21,51994.276041666664
2020-05-22,44608.520833333336
2020-05-23,44608.520833333336
2020-05-24,20901.802083333332
2020-05-25,20901.802083333332
2020-05-26,17696.541666666668
2020-05-27,17696.541666666668
2020-05-28,16004.453125
2020-05-29,16004.453125
2020-05-30,6352.723958333333
2020-05-31,6352.723958333333
2020-06-01,6352.723958333333
2020-06-02,9328.5
2020-06-03,9328.5
2020-06-04,14260.036458333334
2020-06-05,14260.036458333334
2020-06-06,3563.53125
2020-06-07,3563.53125
2020-06-08,4075.71875
2020-06-09,4075.71875
2020-06-10,4940.921875
2020-06-11,4940.921875
2020-06-12,5286.65625
2020-06-13,5286.65625
2020-06-14,5286.65625
2020-06-15,2224.21875
2020-06-16,2224.21875
2020-06-17,14250.916666666666
2020-06-18,14250.916666666666
2020-06-19,25330.427083333332
2020-06-20,25330.427083333332
2020-06-21,3183.5885416666665
2020-06-22,3183.5885416666665
2020-06-23,14111.005208333334
2020-06-24,14111.005208333334
2020-06-25,8821.229166666666
2020-06-26,8821.229166666666
2020-06-27,8821.229166666666
2020-06-28,5535.322916666667
2020-06-29,5535.322916666667
2020-06-30,9113.84375
2020-07-01,9113.84375
2020-07-02,11053.473958333334
2020-07-03,11053.473958333334
2020-07-04,7642.130208333333
2020-07-05,7642.130208333333
2020-07-06,4898.161458333333
2020-07-07,4898.161458333333
2020-07-08,12140.197916666666
2020-07-09,12140.197916666666
2020-07-10,12140.197916666666
2020-07-11,8124.796875
2020-07-12,8124.796875
2020-07-13,2831.796875
2020-07-14,2831.796875
2020-07-15,17454.588541666668
2020-07-16,17454.588541666668
2020-07-17,32726.067708333332
2020-07-18,32726.067708333332
2020-07-19,18984.036458333332
2020-07-20,18984.036458333332
2020-07-21,38665.390625
2020-07-22,38665.390625
2020-07-23,38665.390625
2020-07-24,46110.166666666664
2020-07-25,46110.166666666664
2020-07-26,16488.677083333332
2020-07-27,16488.677083333332
2020-07-28,39822.979166666664
2020-07-29,39822.979166666664
2020-07-30,39936.21875
2020-07-31,39936.21875
2020-08-01,31029.71875
2020-08-02,31029.71875
2020-08-03,14491.833333333334
2020-08-04,14491.833333333334
2020-08-05,14491.833333333334
2020-08-06,32578.255208333332
2020-08-07,32578.255208333332
2020-08-08,17653.119791666668
2020-08-09,17653.119791666668
2020-08-10,4907.583333333333
2020-08-11,4907.583333333333
2020-08-12,14342.052083333334
2020-08-13,14342.052083333334
2020-08-14,11983.447916666666
2020-08-15,11983.447916666666
2020-08-16,4369.9375
2020-08-17,4369.9375
2020-08-18,4369.9375
2020-08-19,44252.494791666664
2020-08-20,44252.494791666664
2020-08-21,16536.8125
2020-08-22,16536.8125
2020-08-23,9385.140625
2020-08-24,9385.140625
2020-08-25,16661.90625
2020-08-26,16661.90625
2020-08-27,30091.380208333332
2020-08-28,30091.380208333332
2020-08-29,5331.885416666667
2020-08-30,5331.885416666667
2020-08-31,5331.885416666667
2020-09-01,19001.744791666668
2020-09-02,19001.744791666668
2020-09-03,31151.177083333332
2020-09-04,31151.177083333332
2020-09-05,57941.791666666664
2020-09-06,57941.791666666664
2020-09-07,5568.453125
2020-09-08,5568.453125
2020-09-09,7049.65625
2020-09-10,7049.65625
2020-09-11,11565.265625
2020-09-12,11565.265625
2020-09-13,11565.265625
2020-09-14,2783.9947916666665
2020-09-15,2783.9947916666665
2020-09-16,12640.03125
2020-09-17,12640.03125
2020-09-18,4145.109375
2020-09-19,4145.109375
2020-09-20,4530.260416666667
2020-09-21,4530.260416666667
2020-09-22,27214.359375
2020-09-23,27214.359375
2020-09-24,21400.848958333332
2020-09-25,21400.848958333332
2020-09-26,21400.848958333332
2020-09-27,5207.921875
2020-09-28,5207.921875
2020-09-29,25783.963541666668
2020-09-30,25783.963541666668
2020-10-01,20131.057291666668
2020-10-02,20131.057291666668
2020-10-03,35116.114583333336
2020-10-04,35116.114583333336
2020-10-05,13103.03125
2020-10-06,13103.03125
2020-10-07,25786.963541666668
2020-10-08,25786.963541666668
2020-10-09,25786.963541666668
2020-10-10,24622.380208333332
2020-10-11,24622.380208333332
2020-10-12,3626.421875
2020-10-13,3626.421875
2020-10-14,6188.567708333333
2020-10-15,6188.567708333333
2020-10-16,8482.442708333334
2020-10-17,8482.442708333334
2020-10-18,7805.036458333333
2020-10-19,7805.036458333333
2020-10-20,26780.776041666668
2020-10-21,26780.776041666668
2020-10-22,26780.776041666668
2020-10-23,48645.6875
2020-10-24,48645.6875
2020-10-25,13586.390625
2020-10-26,13586.390625
2020-10-27,61222.802083333336
2020-10-28,61222.802083333336
2020-10-29,122281.71354166667
2020-10-30,122281.71354166667
2020-10-31,124011.828125
2020-11-01,124011.828125
2020-11-02,66279.59375
2020-11-03,66279.59375
2020-11-04,66279.59375
2020-11-05,38354.322916666664
2020-11-06,38354.322916666664
2020-11-07,34540.317708333336
2020-11-08,34540.317708333336
2020-11-09,9648.583333333334
2020-11-10,9648.583333333334
2020-11-11,9759.552083333334
2020-11-12,9759.552083333334
2020-11-13,6322.770833333333
2020-11-14,6322.770833333333
2020-11-15,4072.984375
2020-11-16,4072.984375
2020-11-17,4072.984375
2020-11-18,14044.114583333334
2020-11-19,14044.114583333334
2020-11-20,19931.119791666668
2020-11-21,19931.119791666668
2020-11-22,3640.265625
2020-11-23,3640.265625
2020-11-24,25792.385416666668
2020-11-25,25792.385416666668
2020-11-26,34815.848958333336
2020-11-27,34815.848958333336
2020-11-28,9942.473958333334
2020-11-29,9942.473958333334
2020-11-30,9942.473958333334
2020-12-01,42510.65625
2020-12-02,42510.65625
2020-12-03,40320.661458333336
2020-12-04,40320.661458333336
2020-12-05,25100.302083333332
2020-12-06,25100.302083333332
2020-12-07,6775.536458333333
2020-12-08,6775.536458333333
2020-12-09,14895.447916666666
2020-12-10,14895.447916666666
2020-12-11,20657.755208333332
2020-12-12,20657.755208333332
2020-12-13,20657.755208333332
2020-12-14,3355.1197916666665
2020-12-15,3355.1197916666665
2020-12-16,20916.645833333332
2020-12-17,20916.645833333332
2020-12-18,113868.32291666667
2020-12-19,113868.32291666667
2020-12-20,20754.479166666668
2020-12-21,20754.479166666668
2020-12-22,27770.890625
2020-12-23,27770.890625
2020-12-24,34659.104166666664
2020-12-25,34659.104166666664
2020-12-26,34659.104166666664
2020-12-27,15076.296875
2020-12-28,15076.296875
2020-12-29,18119.411458333332
2020-12-30,18119.411458333332
2020-12-31,21918.911458333332
2021-01-01,21918.911458333332
2021-01-02,7098.822916666667
2021-01-03,7098.822916666667
2021-01-04,12087.119791666666
2021-01-05,12087.119791666666
2021-01-06,23101.21875
2021-01-07,23101.21875
2021-01-08,23101.21875
2021-01-09,54816.791666666664
2021-01-10,54816.791666666664
2021-01-11,41759.317708333336
2021-01-12,41759.317708333336
2021-01-13,62631.223958333336
2021-01-14,62631.223958333336
2021-01-15,69539.859375
2021-01-16,69539.859375
2021-01-17,45779.057291666664
2021-01-18,45779.057291666664
2021-01-19,40110.609375
2021-01-20,40110.609375
2021-01-21,40110.609375
2021-01-22,61678.84375
2021-01-23,61678.84375
2021-01-24,35634.260416666664
2021-01-25,35634.260416666664
2021-01-26,37443.203125
2021-01-27,37443.203125
2021-01-28,27374.255208333332
2021-01-29,27374.255208333332
2021-01-30,55469.942708333336
2021-01-31,55469.942708333336
2021-02-01,41082.104166666664
2021-02-02,41082.104166666664
2021-02-03,41082.104166666664
2021-02-04,41615.78125
2021-02-05,41615.78125
2021-02-06,34575.880208333336
2021-02-07,34575.880208333336
2021-02-08,23972.927083333332
2021-02-09,23972.927083333332
2021-02-10,76481.82291666667
2021-02-11,76481.82291666667
2021-02-12,95914.11979166667
2021-02-13,95914.11979166667
2021-02-14,46928.317708333336
2021-02-15,46928.317708333336
2021-02-16,46928.317708333336
2021-02-17,56840.40625
2021-02-18,56840.40625
2021-02-19,74609.08333333333
2021-02-20,74609.08333333333
2021-02-21,78662.00520833333
2021-02-22,78662.00520833333
2021-02-23,95015.671875
2021-02-24,95015.671875
2021-02-25,73680.671875
2021-02-26,73680.671875
2021-02-27,56489.192708333336
2021-02-28,56489.192708333336
2021-03-01,56489.192708333336
2021-03-02,56340.130208333336
2021-03-03,56340.130208333336
2021-03-04,55863.807291666664
2021-03-05,55863.807291666664
2021-03-06,48023.119791666664
2021-03-07,48023.119791666664
2021-03-08,33886.760416666664
2021-03-09,33886.760416666664
2021-03-10,38871.640625
2021-03-11,38871.640625
2021-03-12,35565.90625
2021-03-13,35565.90625
2021-03-14,35565.90625
2021-03-15,20940.96875
2021-03-16,20940.96875
2021-03-17,29255.96875
2021-03-18,29255.96875
2021-03-19,35419.802083333336
2021-03-20,35419.802083333336
2021-03-21,20524.307291666668
2021-03-22,20524.307291666668
2021-03-23,35939.494791666664
2021-03-24,35939.494791666664
2021-03-25,39220.666666666664
2021-03-26,39220.666666666664
2021-03-27,39220.666666666664
2021-03-28,33404.515625
2021-03-29,33404.515625
2021-03-30,49738.098958333336
2021-03-31,49738.098958333336
2021-04-01,45482.234375
2021-04-02,45482.234375
2021-04-03,48229.208333333336
2021-04-04,48229.208333333336
2021-04-05,32867.213541666664
2021-04-06,32867.213541666664
2021-04-07,41460.59375
2021-04-08,41460.59375
2021-04-09,41460.59375
2021-04-10,40299.723958333336
2021-04-11,40299.723958333336
2021-04-12,30802.666666666668
2021-04-13,30802.666666666668
2021-04-14,63168.09375
2021-04-15,63168.09375
2021-04-16,59155.463541666664
2021-04-17,59155.463541666664
2021-04-18,110173.84375
2021-04-19,110173.84375
2021-04-20,118132.734375
2021-04-21,118132.734375
2021-04-22,118132.734375
2021-04-23,117039.58333333333
2021-04-24,117039.58333333333
2021-04-25,68687.0625
2021-04-26,68687.0625
2021-04-27,51039.130208333336
2021-04-28,51039.130208333336
2021-04-29,40256.046875
2021-04-30,40256.046875
2021-05-01,37639.713541666664
2021-05-02,37639.713541666664
2021-05-03,26944.822916666668
2021-05-04,26944.822916666668
2021-05-05,26944.822916666668
2021-05-06,33539.973958333336
2021-05-07,33539.973958333336
2021-05-08,26024.151041666668
2021-05-09,26024.151041666668
2021-05-10,17061.041666666668
2021-05-11,17061.041666666668
2021-05-12,14703.125
2021-05-13,14703.125
2021-05-14,22089.90625
2021-05-15,22089.90625
2021-05-16,12126.15625
2021-05-17,12126.15625
2021-05-18,12126.15625
2021-05-19,34530.083333333336
2021-05-20,34530.083333333336
2021-05-21,66033.109375
2021-05-22,66033.109375
2021-05-23,33324.177083333336
2021-05-24,33324.177083333336
2021-05-25,21675.421875
2021-05-26,21675.421875
2021-05-27,24890.755208333332
2021-05-28,24890.755208333332
2021-05-29,23543.213541666668
2021-05-30,23543.213541666668
2021-05-31,23543.213541666668
2021-06-01,7554.083333333333
2021-06-02,7554.083333333333
2021-06-03,4280.598958333333
2021-06-04,4280.598958333333
2021-06-05,4480.166666666667
2021-06-06,4480.166666666667
2021-06-07,2504.3854166666665
2021-06-08,2504.3854166666665
2021-06-09,8272.276041666666
2021-06-10,8272.276041666666
2021-06-11,30379.21875
2021-06-12,30379.21875
2021-06-13,30379.21875
2021-06-14,2147.9322916666665
2021-06-15,2147.9322916666665
2021-06-16,6094.489583333333
2021-06-17,6094.489583333333
2021-06-18,3073.8229166666665
2021-06-19,3073.8229166666665
2021-06-20,7126.942708333333
2021-06-21,7126.942708333333
2021-06-22,19293.854166666668
2021-06-23,19293.854166666668
2021-06-24,20162.942708333332
2021-06-25,20162.942708333332
2021-06-26,20162.942708333332
2021-06-27,8592.317708333334
2021-06-28,8592.317708333334
2021-06-29,42580.90625
2021-06-30,42580.90625
2021-07-01,49143.770833333336
2021-07-02,49143.770833333336
2021-07-03,49991.875
2021-07-04,49991.875
2021-07-05,5461.541666666667
2021-07-06,5461.541666666667
2021-07-07,4270.692708333333
2021-07-08,4270.692708333333
2021-07-09,4270.692708333333
2021-07-10,4132.15625
2021-07-11,4132.15625
2021-07-12,1796.4114583333333
2021-07-13,1796.4114583333333
2021-07-14,4421.572916666667
2021-07-15,4421.572916666667
2021-07-16,2968.3802083333335
2021-07-17,2968.3802083333335
2021-07-18,1485.3958333333333
2021-07-19,1485.3958333333333
2021-07-20,4056.0364583333335
2021-07-21,4056.0364583333335
2021-07-22,4056.0364583333335
2021-07-23,1920.8802083333333
2021-07-24,1920.8802083333333
2021-07-25,1951.2239583333333
2021-07-26,1951.2239583333333
2021-07-27,4794.557291666667
2021-07-28,4794.557291666667
2021-07-29,2581.4895833333335
2021-07-30,2581.4895833333335
2021-07-31,1900.6822916666667
2021-08-01,1900.6822916666667
2021-08-02,2474.9947916666665
2021-08-03,2474.9947916666665
2021-08-04,2474.9947916666665
2021-08-05,5768.96875
2021-08-06,5768.96875
2021-08-07,2498.78125
2021-08-08,2498.78125
2021-08-09,1762.265625
2021-08-10,1762.265625
2021-08-11,2342.2083333333335
2021-08-12,2342.2083333333335
2021-08-13,4505.296875
2021-08-14,4505.296875
2021-08-15,1241.1770833333333
2021-08-16,1241.1770833333333
2021-08-17,1241.1770833333333
2021-08-18,2302.0052083333335
2021-08-19,2302.0052083333335
2021-08-20,3145.171875
2021-08-21,3145.171875
2021-08-22,1552.5572916666667
2021-08-23,1552.5572916666667
2021-08-24,2512.7864583333335
2021-08-25,2512.7864583333335
2021-08-26,2272.0416666666665
2021-08-27,2272.0416666666665
2021-08-28,2279.3333333333335
2021-08-29,2279.3333333333335
2021-08-30,2279.3333333333335
2021-08-31,4071.2135416666665
2021-09-01,4071.2135416666665
2021-09-02,11108.802083333334
2021-09-03,11108.802083333334
2021-09-04,3776.109375
2021-09-05,3776.109375
2021-09-06,2965.0677083333335
2021-09-07,2965.0677083333335
2021-09-08,8354.447916666666
2021-09-09,8354.447916666666
2021-09-10,4434.59375
2021-09-11,4434.59375
2021-09-12,4434.59375
2021-09-13,1946.2447916666667
2021-09-14,1946.2447916666667
2021-09-15,4999.171875
2021-09-16,4999.171875
2021-09-17,6215.28125
2021-09-18,6215.28125
2021-09-19,1671.7135416666667
2021-09-20,1671.7135416666667
2021-09-21,4258.338541666667
2021-09-22,4258.338541666667
2021-09-23,2737.1041666666665
2021-09-24,2737.1041666666665
2021-09-25,2737.1041666666665
2021-09-26,2025.9791666666667
2021-09-27,2025.9791666666667
2021-09-28,2485.9635416666665
2021-09-29,2485.9635416666665
2021-09-30,7105.661458333333
2021-10-01,7105.661458333333
2021-10-02,9576.239583333334
2021-10-03,9576.239583333334
2021-10-04,4059.0885416666665
2021-10-05,4059.0885416666665
2021-10-06,15307.854166666666
2021-10-07,15307.854166666666
2021-10-08,15307.854166666666
2021-10-09,13204.8125
2021-10-10,13204.8125
2021-10-11,2216.9166666666665
2021-10-12,2216.9166666666665
2021-10-13,6376.625
2021-10-14,6376.625
2021-10-15,7961.34375
2021-10-16,7961.34375
2021-10-17,1997.2916666666667
2021-10-18,1997.2916666666667
2021-10-19,4246.770833333333
2021-10-20,4246.770833333333
2021-10-21,4246.770833333333
2021-10-22,7385.098958333333
2021-10-23,7385.098958333333
2021-10-24,2367.8802083333335
2021-10-25,2367.8802083333335
2021-10-26,3087.0260416666665
2021-10-27,3087.0260416666665
2021-10-28,2322.8072916666665
2021-10-29,2322.8072916666665
2021-10-30,2484.2291666666665
2021-10-31,2484.2291666666665
2021-11-01,5341.390625
2021-11-02,5341.390625
2021-11-03,5341.390625
2021-11-04,4463.791666666667
2021-11-05,4463.791666666667
2021-11-06,4437.807291666667
2021-11-07,4437.807291666667
2021-11-08,2921.625
2021-11-09,2921.625
2021-11-10,5079.151041666667
2021-11-11,5079.151041666667
2021-11-12,4725.729166666667
2021-11-13,4725.729166666667
2021-11-14,1872.1927083333333
2021-11-15,1872.1927083333333
2021-11-16,1872.1927083333333
2021-11-17,4308.020833333333
2021-11-18,4308.020833333333
2021-11-19,3989.1979166666665
2021-11-20,3989.1979166666665
2021-11-21,2564.6822916666665
2021-11-22,2564.6822916666665
2021-11-23,3718.7552083333335
2021-11-24,3718.7552083333335
2021-11-25,6174.901041666667
2021-11-26,6174.901041666667
2021-11-27,2333.09375
2021-11-28,2333.09375
2021-11-29,2333.09375
2021-11-30,4272.833333333333
2021-12-01,4272.833333333333
2021-12-02,20736.072916666668
2021-12-03,20736.072916666668
2021-12-04,2972.234375
2021-12-05,2972.234375
2021-12-06,2032.5833333333333
2021-12-07,2032.5833333333333
2021-12-08,2975.046875
2021-12-09,2975.046875
2021-12-10,4240.338541666667
2021-12-11,4240.338541666667
2021-12-12,4240.338541666667
2021-12-13,1714.25
2021-12-14,1714.25
2021-12-15,4700.203125
2021-12-16,4700.203125
2021-12-17,6561.348958333333
2021-12-18,6561.348958333333
2021-12-19,1752.78125
2021-12-20,1752.78125
2021-12-21,4074.1927083333335
2021-12-22,4074.1927083333335
2021-12-23,3818.2708333333335
2021-12-24,3818.2708333333335
2021-12-25,3818.2708333333335
2021-12-26,5418.0
2021-12-27,5418.0
2021-12-28,11770.453125
2021-12-29,11770.453125
2021-12-30,7182.578125
2021-12-31,7182.578125
2022-01-01,2211.1302083333335
2022-01-02,2211.1302083333335
2022-01-03,2476.0364583333335
2022-01-04,2476.0364583333335
2022-01-05,6040.651041666667
2022-01-06,6040.651041666667
2022-01-07,6040.651041666667
2022-01-08,4323.65625
2022-01-09,4323.65625
2022-01-10,1654.4895833333333
2022-01-11,1654.4895833333333
2022-01-12,4192.541666666667
2022-01-13,4192.541666666667
2022-01-14,3157.9166666666665
2022-01-15,3157.9166666666665
2022-01-16,1822.2291666666667
2022-01-17,1822.2291666666667
2022-01-18,3646.5052083333335
2022-01-19,3646.5052083333335
2022-01-20,3646.5052083333335
2022-01-21,3462.8645833333335
2022-01-22,3462.8645833333335
2022-01-23,3444.5677083333335
2022-01-24,3444.5677083333335
2022-01-25,4607.291666666667
2022-01-26,4607.291666666667
2022-01-27,8280.458333333334
2022-01-28,8280.458333333334
2022-01-29,3600.5833333333335
2022-01-30,3600.5833333333335
2022-01-31,5642.026041666667
2022-02-01,5642.026041666667
2022-02-02,5642.026041666667
2022-02-03,3111.1041666666665
2022-02-04,3111.1041666666665
2022-02-05,17968.265625
2022-02-06,17968.265625
2022-02-07,2649.9010416666665
2022-02-08,2649.9010416666665
2022-02-09,6617.348958333333
2022-02-10,6617.348958333333
2022-02-11,8699.1875
2022-02-12,8699.1875
2022-02-13,1694.1770833333333
2022-02-14,1694.1770833333333
2022-02-15,1694.1770833333333
2022-02-16,3406.90625
2022-02-17,3406.90625
2022-02-18,3727.3177083333335
2022-02-19,3727.3177083333335
2022-02-20,2302.84375
2022-02-21,2302.84375
2022-02-22,4185.442708333333
2022-02-23,4185.442708333333
2022-02-24,3902.9583333333335
2022-02-25,3902.9583333333335
2022-02-26,2388.765625
2022-02-27,2388.765625
2022-02-28,2388.765625
2022-03-01,3541.0416666666665
2022-03-02,3541.0416666666665
2022-03-03,6274.182291666667
2022-03-04,6274.182291666667
2022-03-05,5130.609375
2022-03-06,5130.609375
2022-03-07,2044.109375
2022-03-08,2044.109375
2022-03-09,6242.901041666667
2022-03-10,6242.901041666667
2022-03-11,6229.213541666667
2022-03-12,6229.213541666667
2022-03-13,6229.213541666667
2022-03-14,1841.8229166666667
2022-03-15,1841.8229166666667
2022-03-16,3134.015625
2022-03-17,3134.015625
2022-03-18,2482.7760416666665
2022-03-19,2482.7760416666665
2022-03-20,1851.0729166666667
2022-03-21,1851.0729166666667
2022-03-22,6024.322916666667
2022-03-23,6024.322916666667
2022-03-24,4877.890625
2022-03-25,4877.890625
2022-03-26,4877.890625
2022-03-27,1919.2239583333333
2022-03-28,1919.2239583333333
2022-03-29,3021.078125
2022-03-30,3021.078125
2022-03-31,6937.90625
2022-04-01,6937.90625
2022-04-02,6607.723958333333
2022-04-03,6607.723958333333
2022-04-04,2424.7239583333335
2022-04-05,2424.7239583333335
2022-04-06,4002.3958333333335
2022-04-07,4002.3958333333335
2022-04-08,4002.3958333333335
2022-04-09,5781.109375
2022-04-10,5781.109375
2022-04-11,1887.8177083333333
2022-04-12,1887.8177083333333
2022-04-13,3716.453125
2022-04-14,3716.453125
2022-04-15,3560.125
2022-04-16,3560.125
2022-04-17,1563.6979166666667
2022-04-18,1563.6979166666667
2022-04-19,5886.197916666667
2022-04-20,5886.197916666667
2022-04-21,5886.197916666667
2022-04-22,3565.2135416666665
2022-04-23,3565.2135416666665
2022-04-24,2153.3489583333335
2022-04-25,2153.3489583333335
2022-04-26,3456.90625
2022-04-27,3456.90625
2022-04-28,3199.0104166666665
2022-04-29,3199.0104166666665
2022-04-30,5373.546875
2022-05-01,5373.546875
2022-05-02,5095.479166666667
2022-05-03,5095.479166666667
2022-05-04,5095.479166666667
2022-05-05,22285.822916666668
2022-05-06,22285.822916666668
2022-05-07,5983.822916666667
2022-05-08,5983.822916666667
2022-05-09,3302.2604166666665
2022-05-10,3302.2604166666665
2022-05-11,4802.765625
2022-05-12,4802.765625
2022-05-13,58793.473958333336
2022-05-14,58793.473958333336
2022-05-15,58793.473958333336
2022-05-16,12175.604166666666
2022-05-17,12175.604166666666
2022-05-18,3561.6354166666665
2022-05-19,3561.6354166666665
2022-05-20,7010.192708333333
2022-05-21,7010.192708333333
2022-05-22,1816.0833333333333
2022-05-23,1816.0833333333333
2022-05-24,3922.0364583333335
2022-05-25,3922.0364583333335
2022-05-26,3958.0416666666665
2022-05-27,3958.0416666666665
2022-05-28,3958.0416666666665
2022-05-29,2571.6927083333335
2022-05-30,2571.6927083333335
2022-05-31,2841.2083333333335
2022-06-01,2841.2083333333335
2022-06-02,9273.583333333334
2022-06-03,9273.583333333334
2022-06-04,3698.6822916666665
2022-06-05,3698.6822916666665
2022-06-06,2497.2916666666665
2022-06-07,2497.2916666666665
2022-06-08,2890.3072916666665
2022-06-09,2890.3072916666665
2022-06-10,2890.3072916666665
2022-06-11,5377.958333333333
2022-06-12,5377.958333333333
2022-06-13,3055.328125
2022-06-14,3055.328125
2022-06-15,6729.583333333333
2022-06-16,6729.583333333333
2022-06-17,6983.302083333333
2022-06-18,6983.302083333333
2022-06-19,1962.53125
2022-06-20,1962.53125
2022-06-21,4278.348958333333
2022-06-22,4278.348958333333
2022-06-23,4278.348958333333
2022-06-24,2244.34375
2022-06-25,2244.34375
2022-06-26,5513.098958333333
2022-06-27,5513.098958333333
2022-06-28,8754.447916666666
2022-06-29,8754.447916666666
2022-06-30,2453.6979166666665
2022-07-01,2453.6979166666665
2022-07-02,4714.765625
2022-07-03,4714.765625
2022-07-04,3292.96875
2022-07-05,3292.96875
2022-07-06,3292.96875
2022-07-07,10222.270833333334
2022-07-08,10222.270833333334
2022-07-09,3034.3697916666665
2022-07-10,3034.3697916666665
2022-07-11,1882.4322916666667
2022-07-12,1882.4322916666667
2022-07-13,3858.765625
2022-07-14,3858.765625
2022-07-15,5627.375
2022-07-16,5627.375
2022-07-17,2647.5989583333335
2022-07-18,2647.5989583333335
2022-07-19,2647.5989583333335
2022-07-20,4719.8125
2022-07-21,4719.8125
2022-07-22,3713.7708333333335
2022-07-23,3713.7708333333335
2022-07-24,1805.9739583333333
2022-07-25,1805.9739583333333
2022-07-26,3051.8645833333335
2022-07-27,3051.8645833333335
2022-07-28,5500.671875
2022-07-29,5500.671875
2022-07-30,4053.640625
2022-07-31,4053.640625
2022-08-01,4053.640625
2022-08-02,3445.3072916666665
2022-08-03,3445.3072916666665
2022-08-04,5795.4375
2022-08-05,5795.4375
2022-08-06,7168.885416666667
2022-08-07,7168.885416666667
2022-08-08,2686.8333333333335
2022-08-09,2686.8333333333335
2022-08-10,7475.4375
2022-08-11,7475.4375
2022-08-12,5209.260416666667
2022-08-13,5209.260416666667
2022-08-14,5209.260416666667
2022-08-15,2226.953125
2022-08-16,2226.953125
2022-08-17,3166.34375
2022-08-18,3166.34375
2022-08-19,3030.78125
2022-08-20,3030.78125
2022-08-21,1861.9427083333333
2022-08-22,1861.9427083333333
2022-08-23,3170.2708333333335
2022-08-24,3170.2708333333335
2022-08-25,3729.9010416666665
2022-08-26,3729.9010416666665
2022-08-27,3729.9010416666665
2022-08-28,2119.3489583333335
2022-08-29,2119.3489583333335
2022-08-30,3237.5520833333335
2022-08-31,3237.5520833333335
2022-09-01,4251.296875
2022-09-02,4251.296875
2022-09-03,10100.458333333334
2022-09-04,10100.458333333334
2022-09-05,2901.6614583333335
2022-09-06,2901.6614583333335
2022-09-07,3607.7604166666665
2022-09-08,3607.7604166666665
2022-09-09,3607.7604166666665
2022-09-10,4241.072916666667
2022-09-11,4241.072916666667
2022-09-12,1996.9427083333333
2022-09-13,1996.9427083333333
2022-09-14,6889.3125
2022-09-15,6889.3125
2022-09-16,3672.1979166666665
2022-09-17,3672.1979166666665
2022-09-18,2114.3020833333335
2022-09-19,2114.3020833333335
2022-09-20,4455.041666666667
2022-09-21,4455.041666666667
2022-09-22,4455.041666666667
2022-09-23,5428.75
2022-09-24,5428.75
2022-09-25,1932.9270833333333
2022-09-26,1932.9270833333333
2022-09-27,4246.364583333333
2022-09-28,4246.364583333333
2022-09-29,2526.0416666666665
2022-09-30,2526.0416666666665
2022-10-01,2198.4166666666665
2022-10-02,2198.4166666666665
2022-10-03,3337.203125
2022-10-04,3337.203125
2022-10-05,3337.203125
2022-10-06,2517.8229166666665
2022-10-07,2517.8229166666665
2022-10-08,2317.734375
2022-10-09,2317.734375
2022-10-10,1787.921875
2022-10-11,1787.921875
2022-10-12,2861.734375
2022-10-13,2861.734375
2022-10-14,4060.0364583333335
2022-10-15,4060.0364583333335
2022-10-16,2478.5625
2022-10-17,2478.5625
2022-10-18,2478.5625
2022-10-19,6921.296875
2022-10-20,6921.296875
2022-10-21,3304.1458333333335
2022-10-22,3304.1458333333335
2022-10-23,2421.3541666666665
2022-10-24,2421.3541666666665
2022-10-25,4905.1875
2022-10-26,4905.1875
2022-10-27,5278.755208333333
2022-10-28,5278.755208333333
2022-10-29,3331.4947916666665
2022-10-30,3331.4947916666665
2022-10-31,3331.4947916666665
2022-11-01,2569.328125
2022-11-02,2569.328125
2022-11-03,9468.369791666666
2022-11-04,9468.369791666666
2022-11-05,8581.510416666666
2022-11-06,8581.510416666666
2022-11-07,3303.4635416666665
2022-11-08,3303.4635416666665
2022-11-09,3598.4322916666665
2022-11-10,3598.4322916666665
2022-11-11,4408.010416666667
2022-11-12,4408.010416666667
2022-11-13,4408.010416666667
2022-11-14,4210.145833333333
2022-11-15,4210.145833333333
2022-11-16,12506.067708333334
2022-11-17,12506.067708333334
2022-11-18,35130.078125
2022-11-19,35130.078125
2022-11-20,5397.359375
2022-11-21,5397.359375
2022-11-22,4478.114583333333
2022-11-23,4478.114583333333
2022-11-24,9984.489583333334
2022-11-25,9984.489583333334
2022-11-26,9984.489583333334
2022-11-27,7341.197916666667
2022-11-28,7341.197916666667
2022-11-29,4398.03125
2022-11-30,4398.03125
2022-12-01,7916.864583333333
2022-12-02,7916.864583333333
2022-12-03,7473.817708333333
2022-12-04,7473.817708333333
2022-12-05,3020.9375
2022-12-06,3020.9375
2022-12-07,3097.046875
2022-12-08,3097.046875
2022-12-09,3097.046875
2022-12-10,4075.6041666666665
2022-12-11,4075.6041666666665
2022-12-12,1993.21875
2022-12-13,1993.21875
2022-12-14,2131.2708333333335
2022-12-15,2131.2708333333335
2022-12-16,2792.359375
2022-12-17,2792.359375
2022-12-18,2094.1510416666665
2022-12-19,2094.1510416666665
2022-12-20,3296.1354166666665
2022-12-21,3296.1354166666665
2022-12-22,3296.1354166666665
2022-12-23,4003.9375
2022-12-24,4003.9375
2022-12-25,10830.890625
2022-12-26,10830.890625
2022-12-27,4867.703125
2022-12-28,4867.703125
2022-12-29,3309.4375
2022-12-30,3309.4375
2022-12-31,2209.3697916666665
2023-01-01,2209.3697916666665
2023-01-02,1902.9583333333333
2023-01-03,1902.9583333333333
2023-01-04,1902.9583333333333
2023-01-05,4781.078125
2023-01-06,4781.078125
2023-01-07,1859.5885416666667
2023-01-08,1859.5885416666667
2023-01-09,2062.9635416666665
2023-01-10,2062.9635416666665
2023-01-11,3694.5520833333335
2023-01-12,3694.5520833333335
2023-01-13,6362.739583333333
2023-01-14,6362.739583333333
2023-01-15,1735.8697916666667
2023-01-16,1735.8697916666667
2023-01-17,1735.8697916666667
2023-01-18,5302.291666666667
2023-01-19,5302.291666666667
2023-01-20,6535.864583333333
2023-01-21,6535.864583333333
2023-01-22,3466.6510416666665
2023-01-23,3466.6510416666665
2023-01-24,4450.28125
2023-01-25,4450.28125
2023-01-26,3284.0104166666665
2023-01-27,3284.0104166666665
2023-01-28,2749.0364583333335
2023-01-29,2749.0364583333335
2023-01-30,2749.0364583333335
2023-01-31,6169.4375
2023-02-01,6169.4375
2023-02-02,6935.6875
2023-02-03,6935.6875
2023-02-04,11463.901041666666
2023-02-05,11463.901041666666
2023-02-06,6159.072916666667
2023-02-07,6159.072916666667
2023-02-08,16191.567708333334
2023-02-09,16191.567708333334
2023-02-10,26820.713541666668
2023-02-11,26820.713541666668
2023-02-12,26820.713541666668
2023-02-13,16499.036458333332
2023-02-14,16499.036458333332
2023-02-15,21763.666666666668
2023-02-16,21763.666666666668
2023-02-17,9593.270833333334
2023-02-18,9593.270833333334
2023-02-19,4735.833333333333
2023-02-20,4735.833333333333
2023-02-21,3864.3802083333335
2023-02-22,3864.3802083333335
2023-02-23,3564.8229166666665
2023-02-24,3564.8229166666665
2023-02-25,3564.8229166666665
2023-02-26,7343.036458333333
2023-02-27,7343.036458333333
2023-02-28,15108.635416666666
2023-03-01,15108.635416666666
2023-03-02,14208.057291666666
2023-03-03,14208.057291666666
2023-03-04,21556.848958333332
2023-03-05,21556.848958333332
2023-03-06,11162.276041666666
2023-03-07,11162.276041666666
2023-03-08,14637.802083333334
2023-03-09,14637.802083333334
2023-03-10,14637.802083333334
2023-03-11,40892.34375
2023-03-12,40892.34375
2023-03-13,11422.505208333334
2023-03-14,11422.505208333334
2023-03-15,17942.890625
2023-03-16,17942.890625
2023-03-17,22803.057291666668
2023-03-18,22803.057291666668
2023-03-19,16715.838541666668
2023-03-20,16715.838541666668
2023-03-21,19572.505208333332
2023-03-22,19572.505208333332
2023-03-23,19572.505208333332
2023-03-24,28876.473958333332
2023-03-25,28876.473958333332
2023-03-26,31308.052083333332
2023-03-27,31308.052083333332
2023-03-28,29037.296875
2023-03-29,29037.296875
2023-03-30,13970.984375
2023-03-31,13970.984375
2023-04-01,21052.020833333332
2023-04-02,21052.020833333332
2023-04-03,17305.401041666668
2023-04-04,17305.401041666668
2023-04-05,17305.401041666668
2023-04-06,30202.515625
2023-04-07,30202.515625
2023-04-08,33569.229166666664
2023-04-09,33569.229166666664
2023-04-10,14372.364583333334
2023-04-11,14372.364583333334
2023-04-12,14731.223958333334
2023-04-13,14731.223958333334
2023-04-14,10994.953125
2023-04-15,10994.953125
2023-04-16,5740.484375
2023-04-17,5740.484375
2023-04-18,5740.484375
2023-04-19,6936.046875
2023-04-20,6936.046875
2023-04-21,12415.9375
2023-04-22,12415.9375
2023-04-23,4743.552083333333
2023-04-24,4743.552083333333
2023-04-25,35646.005208333336
2023-04-26,35646.005208333336
2023-04-27,63878.317708333336
2023-04-28,63878.317708333336
2023-04-29,55852.270833333336
2023-04-30,55852.270833333336
2023-05-01,55852.270833333336
2023-05-02,43965.526041666664
2023-05-03,43965.526041666664
2023-05-04,41713.130208333336
2023-05-05,41713.130208333336
2023-05-06,56487.635416666664
2023-05-07,56487.635416666664
2023-05-08,55939.708333333336
2023-05-09,55939.708333333336
2023-05-10,63449.515625
2023-05-11,63449.515625
2023-05-12,84921.20833333333
2023-05-13,84921.20833333333
2023-05-14,84921.20833333333
2023-05-15,67497.94270833333
2023-05-16,67497.94270833333
2023-05-17,81306.92708333333
2023-05-18,81306.92708333333
2023-05-19,102502.53125
2023-05-20,102502.53125
2023-05-21,96917.38541666667
2023-05-22,96917.38541666667
2023-05-23,126074.88020833333
2023-05-24,126074.88020833333
2023-05-25,143738.83333333334
2023-05-26,143738.83333333334
2023-05-27,143738.83333333334
2023-05-28,118081.72916666667
2023-05-29,118081.72916666667
2023-05-30,129118.65104166667
2023-05-31,129118.65104166667
2023-06-01,97376.68229166667
2023-06-02,97376.68229166667
2023-06-03,121495.25
2023-06-04,121495.25
2023-06-05,108973.02083333333
2023-06-06,108973.02083333333
2023-06-07,159200.296875
2023-06-08,159200.296875
2023-06-09,159200.296875
2023-06-10,126099.33333333333
2023-06-11,126099.33333333333
2023-06-12,102496.19270833333
2023-06-13,102496.19270833333
2023-06-14,148804.29166666666
2023-06-15,148804.29166666666
2023-06-16,196859.60416666666
2023-06-17,196859.60416666666
2023-06-18,225069.38020833334
2023-06-19,225069.38020833334
2023-06-20,184361.43229166666
2023-06-21,184361.43229166666
2023-06-22,184361.43229166666
2023-06-23,211567.5
2023-06-24,211567.5
2023-06-25,197879.109375
2023-06-26,197879.109375
2023-06-27,209466.984375
2023-06-28,209466.984375
2023-06-29,200916.640625
2023-06-30,200916.640625
2023-07-01,166680.640625
2023-07-02,166680.640625
2023-07-03,83328.72395833333
2023-07-04,83328.72395833333
2023-07-05,83328.72395833333
2023-07-06,58218.578125
2023-07-07,58218.578125
2023-07-08,65846.0
2023-07-09,65846.0
2023-07-10,77689.453125
2023-07-11,77689.453125
2023-07-12,153741.296875
2023-07-13,153741.296875
2023-07-14,164280.5
2023-07-15,164280.5
2023-07-16,155019.875
2023-07-17,155019.875
2023-07-18,155019.875
2023-07-19,152772.78125
2023-07-20,152772.78125
2023-07-21,192648.64583333334
2023-07-22,192648.64583333334
2023-07-23,189714.921875
2023-07-24,189714.921875
2023-07-25,142800.50520833334
2023-07-26,142800.50520833334
2023-07-27,166748.22916666666
2023-07-28,166748.22916666666
2023-07-29,180952.43229166666
2023-07-30,180952.43229166666
2023-07-31,180952.43229166666
2023-08-01,193871.03645833334
2023-08-02,193871.03645833334
2023-08-03,203238.33333333334
2023-08-04,203238.33333333334
2023-08-05,186345.72916666666
2023-08-06,186345.72916666666
2023-08-07,219489.72916666666
2023-08-08,219489.72916666666
2023-08-09,253355.17708333334
2023-08-10,253355.17708333334
2023-08-11,296700.5052083333
2023-08-12,296700.5052083333
2023-08-13,296700.5052083333
2023-08-14,281029.203125
2023-08-15,281029.203125
2023-08-16,277210.1875
2023-08-17,277210.1875
2023-08-18,249390.49479166666
2023-08-19,249390.49479166666
2023-08-20,125885.46354166667
2023-08-21,125885.46354166667
2023-08-22,215370.640625
2023-08-23,215370.640625
2023-08-24,250665.68229166666
2023-08-25,250665.68229166666
2023-08-26,250665.68229166666
2023-08-27,211822.20833333334
2023-08-28,211822.20833333334
2023-08-29,268999.3645833333
2023-08-30,268999.3645833333
2023-08-31,102655.07291666667
2023-09-01,102655.07291666667
2023-09-02,216855.390625
2023-09-03,216855.390625
2023-09-04,206596.125
2023-09-05,206596.125
2023-09-06,206596.125
2023-09-07,275314.6979166667
2023-09-08,275314.6979166667
2023-09-09,238142.859375
2023-09-10,238142.859375
2023-09-11,263423.9583333333
2023-09-12,263423.9583333333
2023-09-13,251983.95833333334
2023-09-14,251983.95833333334
2023-09-15,249388.84375
2023-09-16,249388.84375
2023-09-17,262504.0625
2023-09-18,262504.0625
2023-09-19,262504.0625
2023-09-20,164126.15625
2023-09-21,164126.15625
2023-09-22,171606.625
2023-09-23,171606.625
2023-09-24,177252.921875
2023-09-25,177252.921875
2023-09-26,173131.58854166666
2023-09-27,173131.58854166666
2023-09-28,185102.72916666666
2023-09-29,185102.72916666666
2023-09-30,127847.85416666667
2023-10-01,127847.85416666667
2023-10-02,127847.85416666667
2023-10-03,39983.140625
2023-10-04,39983.140625
2023-10-05,32109.635416666668
2023-10-06,32109.635416666668
2023-10-07,32458.546875
2023-10-08,32458.546875
2023-10-09,27860.546875
2023-10-10,27860.546875
2023-10-11,23836.427083333332
2023-10-12,23836.427083333332
2023-10-13,23749.713541666668
2023-10-14,23749.713541666668
2023-10-15,23749.713541666668
2023-10-16,16837.776041666668
2023-10-17,16837.776041666668
2023-10-18,15770.411458333334
2023-10-19,15770.411458333334
2023-10-20,17971.333333333332
2023-10-21,17971.333333333332
2023-10-22,15254.5
2023-10-23,15254.5
2023-10-24,32149.234375
2023-10-25,32149.234375
2023-10-26,32004.770833333332
2023-10-27,32004.770833333332
2023-10-28,32004.770833333332
2023-10-29,36583.348958333336
2023-10-30,36583.348958333336
2023-10-31,29696.645833333332
2023-11-01,29696.645833333332
2023-11-02,34453.0
2023-11-03,34453.0
2023-11-04,153920.47916666666
2023-11-05,153920.47916666666
2023-11-06,128360.78645833333
2023-11-07,128360.78645833333
2023-11-08,150063.25
2023-11-09,150063.25
2023-11-10,150063.25
2023-11-11,140187.70833333334
2023-11-12,140187.70833333334
2023-11-13,199248.23958333334
2023-11-14,199248.23958333334
2023-11-15,195361.95833333334
2023-11-16,195361.95833333334
2023-11-17,99055.32291666667
2023-11-18,99055.32291666667
2023-11-19,172358.55729166666
2023-11-20,172358.55729166666
2023-11-21,182736.84375
2023-11-22,182736.84375
2023-11-23,182736.84375
2023-11-24,210425.09895833334
2023-11-25,210425.09895833334
2023-11-26,175349.63541666666
2023-11-27,175349.63541666666
2023-11-28,196070.39583333334
2023-11-29,196070.39583333334
2023-11-30,158341.76041666666
2023-12-01,158341.76041666666
2023-12-02,121148.453125
2023-12-03,121148.453125
2023-12-04,168048.30208333334
2023-12-05,168048.30208333334
2023-12-06,168048.30208333334
2023-12-07,198117.13541666666
2023-12-08,198117.13541666666
2023-12-09,150152.11458333334
2023-12-10,150152.11458333334
2023-12-11,146462.03645833334
2023-12-12,146462.03645833334
2023-12-13,173228.28125
2023-12-14,173228.28125
2023-12-15,199696.14583333334
2023-12-16,199696.14583333334
2023-12-17,160740.86979166666
2023-12-18,160740.86979166666
2023-12-19,160740.86979166666
2023-12-20,146318.88020833334
2023-12-21,146318.88020833334
2023-12-22,197826.00520833334
2023-12-23,197826.00520833334
2023-12-24,149734.89583333334
2023-12-25,149734.89583333334
2023-12-26,156139.828125
2023-12-27,156139.828125
2023-12-28,62088.630208333336
2023-12-29,62088.630208333336
2023-12-30,149369.88541666666
2023-12-31,149369.88541666666
2024-01-01,149369.88541666666
2024-01-02,103682.81770833333
2024-01-03,103682.81770833333
2024-01-04,71350.8125
2024-01-05,71350.8125
2024-01-06,73729.40625
2024-01-07,73729.40625
2024-01-08,80405.99479166667
2024-01-09,80405.99479166667
2024-01-10,83675.203125
2024-01-11,83675.203125
2024-01-12,97223.02604166667
2024-01-13,97223.02604166667
2024-01-14,97223.02604166667
2024-01-15,188685.41145833334
2024-01-16,188685.41145833334
2024-01-17,140208.47395833334
2024-01-18,140208.47395833334
2024-01-19,150539.89583333334
2024-01-20,150539.89583333334
2024-01-21,157943.83333333334
2024-01-22,157943.83333333334
2024-01-23,140992.59895833334
2024-01-24,140992.59895833334
2024-01-25,51894.401041666664
2024-01-26,51894.401041666664
2024-01-27,51894.401041666664
2024-01-28,76427.66145833333
2024-01-29,76427.66145833333
2024-01-30,112852.97395833333
2024-01-31,112852.97395833333
2024-02-01,86902.34895833333
2024-02-02,86902.34895833333
2024-02-03,90445.77604166667
2024-02-04,90445.77604166667
2024-02-05,95139.15625
2024-02-06,95139.15625
2024-02-07,129862.90625
2024-02-08,129862.90625
2024-02-09,129862.90625
2024-02-10,141365.875
2024-02-11,141365.875
2024-02-12,103860.69270833333
2024-02-13,103860.69270833333
2024-02-14,131602.60416666666
2024-02-15,131602.60416666666
2024-02-16,133207.171875
2024-02-17,133207.171875
2024-02-18,134966.640625
2024-02-19,134966.640625
2024-02-20,135913.61458333334
2024-02-21,135913.61458333334
2024-02-22,135913.61458333334
2024-02-23,138933.19270833334
2024-02-24,138933.19270833334
2024-02-25,122720.63020833333
2024-02-26,122720.63020833333
2024-02-27,97677.70833333333
2024-02-28,97677.70833333333
2024-02-29,130694.1875
2024-03-01,130694.1875
2024-03-02,121138.51041666667
2024-03-03,121138.51041666667
2024-03-04,140171.68229166666
2024-03-05,140171.68229166666
2024-03-06,140171.68229166666
2024-03-07,120868.97916666667
2024-03-08,120868.97916666667
2024-03-09,128662.046875
2024-03-10,128662.046875
2024-03-11,116043.171875
2024-03-12,116043.171875
2024-03-13,85113.18229166667
2024-03-14,85113.18229166667
2024-03-15,81623.40104166667
2024-03-16,81623.40104166667
2024-03-17,79357.22395833333
2024-03-18,79357.22395833333
2024-03-19,79357.22395833333
2024-03-20,77046.609375
2024-03-21,77046.609375
2024-03-22,76855.078125
2024-03-23,76855.078125
2024-03-24,59244.8125
2024-03-25,59244.8125
2024-03-26,63967.036458333336
2024-03-27,63967.036458333336
2024-03-28,58857.489583333336
2024-03-29,58857.489583333336
2024-03-30,62650.822916666664
2024-03-31,62650.822916666664
2024-04-01,62650.822916666664
2024-04-02,62561.104166666664
2024-04-03,62561.104166666664
2024-04-04,71651.109375
2024-04-05,71651.109375
2024-04-06,67353.77604166667
2024-04-07,67353.77604166667
2024-04-08,68486.03645833333
2024-04-09,68486.03645833333
2024-04-10,100335.00520833333
2024-04-11,100335.00520833333
2024-04-12,149649.83854166666
2024-04-13,149649.83854166666
2024-04-14,149649.83854166666
2024-04-15,116583.58854166667
2024-04-16,116583.58854166667
2024-04-17,118184.609375
2024-04-18,118184.609375
2024-04-19,127593.703125
2024-04-20,127593.703125
2024-04-21,147589.15104166666
2024-04-22,147589.15104166666
2024-04-23,147589.15104166666
2024-04-24,114053.34375
2024-04-25,114053.34375
2024-04-26,69671.28125
2024-04-27,69671.28125
2024-04-28,80518.46354166667
2024-04-29,80518.46354166667
2024-04-30,76864.671875
2024-05-01,76864.671875
2024-05-02,98243.31770833333
2024-05-03,98243.31770833333
2024-05-04,110690.02083333333
2024-05-05,110690.02083333333
2024-05-06,110690.02083333333
2024-05-07,119538.57291666667
2024-05-08,119538.57291666667
2024-05-09,116942.00520833333
2024-05-10,116942.00520833333
2024-05-11,153134.296875
2024-05-12,153134.296875
2024-05-13,112081.671875
2024-05-14,112081.671875
2024-05-15,146714.06770833334
2024-05-16,146714.06770833334
2024-05-17,156016.55729166666
2024-05-18,156016.55729166666
2024-05-19,156016.55729166666
2024-05-20,146898.109375
2024-05-21,146898.109375
2024-05-22,179960.828125
2024-05-23,179960.828125
2024-05-24,147121.11979166666
2024-05-25,147121.11979166666
2024-05-26,169764.50520833334
2024-05-27,169764.50520833334
2024-05-28,163791.9375
2024-05-29,163791.9375
2024-05-30,163791.9375
2024-05-31,191877.453125
2024-06-01,191877.453125
2024-06-02,53508.1875
2024-06-03,53508.1875
2024-06-04,113303.35416666667
2024-06-05,113303.35416666667
2024-06-06,206494.859375
2024-06-07,206494.859375
2024-06-08,206685.11458333334
2024-06-09,206685.11458333334
2024-06-10,206685.11458333334
2024-06-11,212215.578125
2024-06-12,212215.578125
2024-06-13,204307.38020833334
2024-06-14,204307.38020833334
2024-06-15,99055.93229166667
2024-06-16,99055.93229166667
2024-06-17,108077.375
2024-06-18,108077.375
2024-06-19,155278.04166666666
2024-06-20,155278.04166666666
2024-06-21,165739.11979166666
2024-06-22,165739.11979166666
2024-06-23,165739.11979166666
2024-06-24,176081.33854166666
2024-06-25,176081.33854166666
2024-06-26,187471.69270833334
2024-06-27,187471.69270833334
2024-06-28,198431.5
2024-06-29,198431.5
2024-06-30,163000.86458333334
2024-07-01,163000.86458333334
2024-07-02,140237.13020833334
2024-07-03,140237.13020833334
2024-07-04,140237.13020833334
2024-07-05,137664.09895833334
2024-07-06,137664.09895833334
2024-07-07,149036.40625
2024-07-08,149036.40625
2024-07-09,85642.30208333333
2024-07-10,85642.30208333333
2024-07-11,96065.15104166667
2024-07-12,96065.15104166667
2024-07-13,148519.72395833334
2024-07-14,148519.72395833334
2024-07-15,72321.28645833333
2024-07-16,72321.28645833333
2024-07-17,72321.28645833333
2024-07-18,110716.78125
2024-07-19,110716.78125
2024-07-20,116738.50520833333
2024-07-21,116738.50520833333
2024-07-22,150054.23958333334
2024-07-23,150054.23958333334
2024-07-24,169331.03125
2024-07-25,169331.03125
2024-07-26,134010.54166666666
2024-07-27,134010.54166666666
2024-07-28,167289.78645833334
2024-07-29,167289.78645833334
2024-07-30,167289.78645833334
2024-07-31,124416.72916666667
2024-08-01,124416.72916666667
2024-08-02,108412.5
2024-08-03,108412.5
2024-08-04,163502.97395833334
2024-08-05,163502.97395833334
2024-08-06,197856.109375
2024-08-07,197856.109375
2024-08-08,106696.36458333333
2024-08-09,106696.36458333333
2024-08-10,47760.9375
2024-08-11,47760.9375
2024-08-12,47760.9375
2024-08-13,61563.708333333336
2024-08-14,61563.708333333336
2024-08-15,121543.03125
2024-08-16,121543.03125
2024-08-17,126154.63020833333
2024-08-18,126154.63020833333
2024-08-19,176701.328125
2024-08-20,176701.328125
2024-08-21,190111.20833333334
2024-08-22,190111.20833333334
2024-08-23,181630.52083333334
2024-08-24,181630.52083333334
2024-08-25,181630.52083333334
2024-08-26,186215.90104166666
2024-08-27,186215.90104166666
2024-08-28,181148.35416666666
2024-08-29,181148.35416666666
2024-08-30,131036.95833333333
2024-08-31,131036.95833333333
2024-09-01,114452.09895833333
2024-09-02,114452.09895833333
2024-09-03,149388.46875
2024-09-04,149388.46875
2024-09-05,151598.0
2024-09-06,151598.0
2024-09-07,151598.0
2024-09-08,159956.40104166666
2024-09-09,159956.40104166666
2024-09-10,178828.42708333334
2024-09-11,178828.42708333334
2024-09-12,195695.234375
2024-09-13,195695.234375
2024-09-14,200536.75
2024-09-15,200536.75
2024-09-16,171786.984375
2024-09-17,171786.984375
2024-09-18,160034.796875
2024-09-19,160034.796875
2024-09-20,160034.796875
2024-09-21,155325.171875
2024-09-22,155325.171875
2024-09-23,122174.4375
2024-09-24,122174.4375
2024-09-25,105343.44791666667
2024-09-26,105343.44791666667
2024-09-27,131286.26041666666
2024-09-28,131286.26041666666
2024-09-29,120494.19270833333
2024-09-30,120494.19270833333
2024-10-01,153160.59895833334
2024-10-02,153160.59895833334
2024-10-03,153160.59895833334
2024-10-04,136883.88541666666
2024-10-05,136883.88541666666
2024-10-06,170502.74479166666
2024-10-07,170502.74479166666
2024-10-08,172599.96354166666
2024-10-09,172599.96354166666
2024-10-10,195094.55208333334
2024-10-11,195094.55208333334
2024-10-12,224515.34375
2024-10-13,224515.34375
2024-10-14,203235.14583333334
2024-10-15,203235.14583333334
2024-10-16,203235.14583333334
2024-10-17,176558.79166666666
2024-10-18,176558.79166666666
2024-10-19,170723.484375
2024-10-20,170723.484375
2024-10-21,119427.78125
2024-10-22,119427.78125
2024-10-23,156476.07291666666
2024-10-24,156476.07291666666
2024-10-25,131492.86458333334
2024-10-26,131492.86458333334
2024-10-27,89057.84895833333
2024-10-28,89057.84895833333
2024-10-29,89057.84895833333
2024-10-30,125691.47916666667
2024-10-31,125691.47916666667
2024-11-01,121016.09375
2024-11-02,121016.09375
2024-11-03,116987.63020833333
2024-11-04,116987.63020833333
2024-11-05,110395.84895833333
2024-11-06,110395.84895833333
2024-11-07,110242.05729166667
2024-11-08,110242.05729166667
2024-11-09,133484.59375
2024-11-10,133484.59375
2024-11-11,133484.59375
2024-11-12,145518.03645833334
2024-11-13,145518.03645833334
2024-11-14,186254.296875
2024-11-15,186254.296875
2024-11-16,183149.71875
2024-11-17,183149.71875
2024-11-18,171974.75520833334
2024-11-19,171974.75520833334
2024-11-20,189270.44791666666
2024-11-21,189270.44791666666
2024-11-22,158970.5
2024-11-23,158970.5
2024-11-24,158970.5
2024-11-25,136294.48958333334
2024-11-26,136294.48958333334
2024-11-27,132128.26041666666
2024-11-28,132128.26041666666
2024-11-29,116794.28125
2024-11-30,116794.28125
2024-12-01,98826.16145833333
2024-12-02,98826.16145833333
2024-12-03,133109.53645833334
2024-12-04,133109.53645833334
2024-12-05,135658.125
2024-12-06,135658.125
2024-12-07,135658.125
2024-12-08,145003.59895833334
2024-12-09,145003.59895833334
2024-12-10,138246.4375
2024-12-11,138246.4375
2024-12-12,139023.8125
2024-12-13,139023.8125
2024-12-14,137585.859375
2024-12-15,137585.859375
2024-12-16,127343.26041666667
2024-12-17,127343.26041666667
2024-12-18,131107.03125
2024-12-19,131107.03125
2024-12-20,131107.03125
2024-12-21,143268.0
2024-12-22,143268.0
2024-12-23,127621.04166666667
2024-12-24,127621.04166666667
2024-12-25,116731.14583333333
2024-12-26,116731.14583333333
2024-12-27,95795.46354166667
2024-12-28,95795.46354166667
2024-12-29,156504.32291666666
2024-12-30,156504.32291666666
2024-12-31,154604.98958333334
2025-01-01,154604.98958333334
2025-01-02,154604.98958333334
2025-01-03,154832.64583333334
2025-01-04,154832.64583333334
2025-01-05,156122.90104166666
2025-01-06,156122.90104166666
2025-01-07,159989.26041666666
2025-01-08,159989.26041666666
2025-01-09,163283.07291666666
2025-01-10,163283.07291666666
2025-01-11,175365.75
2025-01-12,175365.75
2025-01-13,144947.91666666666
2025-01-14,144947.91666666666
2025-01-15,144947.91666666666
2025-01-16,122462.4375
2025-01-17,122462.4375
2025-01-18,119298.421875
2025-01-19,119298.421875
2025-01-20,109005.98958333333
2025-01-21,109005.98958333333
2025-01-22,114189.32291666667
2025-01-23,114189.32291666667
2025-01-24,104910.22395833333
2025-01-25,104910.22395833333
2025-01-26,81985.375
2025-01-27,81985.375
2025-01-28,81985.375
2025-01-29,70038.21354166667
2025-01-30,70038.21354166667
2025-01-31,42147.895833333336
2025-02-01,42147.895833333336
2025-02-02,6571.119791666667
2025-02-03,6571.119791666667
2025-02-04,4956.880208333333
2025-02-05,4956.880208333333
2025-02-06,14608.536458333334
2025-02-07,14608.536458333334
2025-02-08,6270.994791666667
2025-02-09,6270.994791666667
2025-02-10,6270.994791666667
2025-02-11,7431.567708333333
2025-02-12,7431.567708333333
2025-02-13,9777.296875
2025-02-14,9777.296875
2025-02-15,4911.557291666667
2025-02-16,4911.557291666667
2025-02-17,5602.427083333333
2025-02-18,5602.427083333333
2025-02-19,22079.166666666668
2025-02-20,22079.166666666668
2025-02-21,64541.078125
2025-02-22,64541.078125
2025-02-23,64541.078125
2025-02-24,108356.58854166667
2025-02-25,108356.58854166667
2025-02-26,101831.671875
2025-02-27,101831.671875
2025-02-28,44146.958333333336
2025-03-01,44146.958333333336
2025-03-02,11001.328125
2025-03-03,11001.328125
2025-03-04,11287.119791666666
2025-03-05,11287.119791666666
2025-03-06,9580.140625
2025-03-07,9580.140625
2025-03-08,9580.140625
2025-03-09,11111.395833333334
2025-03-10,11111.395833333334
2025-03-11,8972.71875
2025-03-12,8972.71875
2025-03-13,13487.322916666666
2025-03-14,13487.322916666666
2025-03-15,19051.317708333332
2025-03-16,19051.317708333332
2025-03-17,18200.651041666668
2025-03-18,18200.651041666668
2025-03-19,15281.078125
2025-03-20,15281.078125
2025-03-21,15281.078125
2025-03-22,7846.666666666667
2025-03-23,7846.666666666667
2025-03-24,23657.588541666668
2025-03-25,23657.588541666668
2025-03-26,28706.416666666668
2025-03-27,28706.416666666668
2025-03-28,12297.364583333334
2025-03-29,12297.364583333334
2025-03-30,3257.1979166666665
2025-03-31,3257.1979166666665
2025-04-01,4353.973958333333
2025-04-02,4353.973958333333
2025-04-03,4353.973958333333
2025-04-04,6702.322916666667
2025-04-05,6702.322916666667
2025-04-06,3563.7135416666665
2025-04-07,3563.7135416666665
2025-04-08,4433.078125
2025-04-09,4433.078125
2025-04-10,3853.8072916666665
2025-04-11,3853.8072916666665
2025-04-12,5797.020833333333
2025-04-13,5797.020833333333
2025-04-14,8665.4375
2025-04-15,8665.4375
2025-04-16,8665.4375
2025-04-17,12230.947916666666
2025-04-18,12230.947916666666
2025-04-19,18165.276041666668
2025-04-20,18165.276041666668
2025-04-21,23597.791666666668
2025-04-22,23597.791666666668
2025-04-23,21466.583333333332
2025-04-24,21466.583333333332
2025-04-25,15415.234375
2025-04-26,15415.234375
2025-04-27,8253.588541666666
2025-04-28,8253.588541666666
2025-04-29,8253.588541666666
